filename,response,responseTime,target,tp,fp,tn,fn,epoch_number,IS_GOOD,SUB_ID,LABEL,IS_TEST
dancing_flickr-4-1-0-8-8-4-7-1-15641088471_1.mp4,-1,0.0,1,0,0,0,1,0,True,4,2,False
floating_flickr-4-2-6-7-2-7-5-9-5342672759_1.mp4,1,1.74024,1,1,0,0,0,1,True,4,1,False
tickling_flickr-7-7-0-1-1-0-6-6-21977011066_3.mp4,1,0.867729,1,1,0,0,0,2,True,4,1,False
sitting_flickr-6-1-4-4-3-2-7-9-3261443279_10.mp4,1,1.008145,1,1,0,0,0,3,True,4,1,False
fishing_flickr-0-5-2-3-4-3-2-8-2605234328_22.mp4,1,0.93114,1,1,0,0,0,5,True,4,1,True
talking_5-8-0-5-2-6-6-3-2858052663.mp4,1,1.115029,1,1,0,0,0,6,True,4,1,False
dancing_flickr-4-7-1-1-1-9-0-3-3747111903_26.mp4,1,1.200613,1,1,0,0,0,8,True,4,1,False
wrapping_meta-11469945_25.mp4,1,0.957139,1,1,0,0,0,9,True,4,1,False
skating_flickr-1-4-3-9130902143_5.mp4,1,0.924735,1,1,0,0,0,10,True,4,1,False
interviewing_LnIGqQ6uIls_28.mp4,0,2.115664,1,0,0,0,1,11,True,4,2,False
talking_5957382530.mp4,0,2.730918,1,0,0,0,1,12,True,4,2,False
talking_5-2-7-4-9-5-2-0-15452749520.mp4,-1,0.0,1,0,0,0,1,13,True,4,2,True
standing_4167527476.mp4,1,0.825245,1,1,0,0,0,14,True,4,1,False
skiing_flickr-6-7-7-9-3-7-9-2-25267793792_36.mp4,-1,0.0,1,0,0,0,1,15,True,4,2,True
cooking_flickr-7-5-3-8-8-1-5-3-4275388153_34.mp4,1,0.0,1,1,0,0,0,16,True,4,1,False
running_flickr-4-6-2-1-2-2-3-1-15246212231_2.mp4,-1,0.0,1,0,0,0,1,17,True,4,2,False
frying_4RKHFaz1YIs_192.mp4,0,1.426936,1,0,0,0,1,18,True,4,2,False
shouting_flickr-4-0-7-6-3-6-7-9-4640763679_24.mp4,1,0.010453,1,1,0,0,0,19,True,4,1,False
dancing_flickr-9-7-7-3003029977_15.mp4,1,1.043858,1,1,0,0,0,20,True,4,1,False
feeding_flickr-2-8-7-9-2-2-2-6-2428792226_8.mp4,1,1.606399,1,1,0,0,0,21,True,4,1,False
climbing_meta-1116270_13.mp4,1,1.180884,1,1,0,0,0,22,True,4,1,False
shooting_flickr-0-2-7-6-9-4-1-7-2402769417_41.mp4,0,1.575093,1,0,0,0,1,23,True,4,2,False
sitting_flickr-1-8-4-12268227184_20.mp4,1,1.364347,1,1,0,0,0,24,True,4,1,False
camping_flickr-5-1-9-4-4-8-4-1-8051944841_8.mp4,1,0.828641,1,1,0,0,0,25,True,4,1,False
talking_flickr-7-1-5-9-4-2-8-9-4371594289_17.mp4,1,1.481616,1,1,0,0,0,26,True,4,1,False
signing_oAMeawcKW3A_539.mp4,1,0.823913,1,1,0,0,0,27,True,4,1,False
talking_flickr-1-0-0-4-4-4-4-9-4610044449_10.mp4,0,1.902798,1,0,0,0,1,28,True,4,2,False
singing_flickr-4-8-9-2-5-3-0-3-2948925303_34.mp4,1,0.69966,1,1,0,0,0,29,True,4,1,False
talking_flickr-9-6-8-4-7-2-1-9-6896847219_34.mp4,1,1.649566,1,1,0,0,0,30,True,4,1,False
sitting_0-8-7-7-9-6-5-5-6508779655.mp4,0,1.613224,1,0,0,0,1,31,True,4,2,False
flying_flickr-4-4-6-6-3-5-3-3-11844663533_5.mp4,1,2.232272,1,1,0,0,0,32,True,4,1,False
riding_flickr-2-6-3-0-9-7-3-1-19826309731_169.mp4,1,0.914928,1,1,0,0,0,35,True,4,1,False
sitting_flickr-6-2-3-0-8-0-1-8-4162308018_3.mp4,1,0.861465,1,1,0,0,0,36,True,4,1,False
grilling_flickr-1-5-1-6-0-6-0-9-3915160609_1.mp4,0,1.348158,1,0,0,0,1,37,True,4,2,False
standing_3-2-9-0-8-7-4-2-3632908742.mp4,0,0.888772,1,0,0,0,1,38,True,4,2,False
erupting_3-9-3-6534835393.mp4,1,2.281247,1,1,0,0,0,39,True,4,1,False
talking_0-7-2-7-0-1-4-4-7007270144.mp4,1,2.107953,1,1,0,0,0,40,True,4,1,False
racing_flickr-4-1-4-0-2-4-7-1-6141402471_5.mp4,0,1.564297,1,0,0,0,1,41,True,4,2,False
talking_0-9-4-5-7-2-5-8-2809457258.mp4,0,2.593674,1,0,0,0,1,42,True,4,2,False
swimming_flickr-0-2-5-1-3-0-4-4-13502513044_34.mp4,0,0.0,1,0,0,0,1,43,True,4,2,False
playing_flickr-7-7-9-3-3-5-1-0-8377933510_7.mp4,1,2.261851,1,1,0,0,0,44,True,4,1,False
cooking_flickr-0-5-8-9-8-9-6-5-15205898965_8.mp4,-1,0.0,1,0,0,0,1,45,True,4,2,False
laughing_flickr-6-6-2-8-7-1-5-6-8966287156_14.mp4,0,0.535551,1,0,0,0,1,46,True,4,2,False
standing_1-6-1-5052037161.mp4,1,1.496868,1,1,0,0,0,47,True,4,1,False
talking_0-5-0-4513111050.mp4,0,2.592318,1,0,0,0,1,48,True,4,2,False
competing_5-1-3-7-9-9-8-5-25151379985.mp4,-1,0.0,1,0,0,0,1,49,True,4,2,False
playing_flickr-5-8-5-6-0-0-3-1-8758560031_55.mp4,1,0.01244,1,1,0,0,0,50,True,4,1,False
turning_flickr-2-1-2-7929464212_11.mp4,0,1.436851,1,0,0,0,1,51,True,4,2,False
burning_flickr-7-6-9-7-5-2-3-3-7976975233_21.mp4,1,2.001744,1,1,0,0,0,52,True,4,1,False
swimming_flickr-5-3-5-8-0-0-7-9-9053580079_8.mp4,1,0.969434,1,1,0,0,0,53,True,4,1,True
feeding_flickr-5-0-9-2-2-4-1-3-13950922413_1.mp4,1,1.689015,1,1,0,0,0,54,True,4,1,False
juggling_flickr-7-5-0-9-7-1-8-4-6775097184_8.mp4,-1,0.0,1,0,0,0,1,55,True,4,2,False
walking_9-8-5-6055638985.mp4,1,0.188285,1,1,0,0,0,56,True,4,1,False
talking_6-9-7-5124781697.mp4,0,1.479872,1,0,0,0,1,57,True,4,2,True
standing_flickr-6-4-9-5-5-2-4-8-4064955248_10.mp4,1,2.27294,1,1,0,0,0,58,True,4,1,False
dancing_flickr-7-4-1-4-5-6-8-3-2874145683_4.mp4,-1,0.0,1,0,0,0,1,59,True,4,2,False
running_flickr-7-1-4-9-5-1-8-2-9671495182_45.mp4,1,1.444845,1,1,0,0,0,60,True,4,1,False
pulling_flickr-8-5-5-4252035855_41.mp4,1,0.406511,1,1,0,0,0,61,True,4,1,False
descending_flickr-3-7-0-9-4-1-3-6-25537094136_9.mp4,1,0.89976,1,1,0,0,0,62,True,4,1,False
surfing_flickr-1-3-0-9-4-1-9-5-6413094195_2.mp4,1,0.76095,1,1,0,0,0,63,True,4,1,False
burning_flickr-4-4-5-5-9-7-0-7-2444559707_77.mp4,1,1.044646,1,1,0,0,0,64,True,4,1,False
talking_flickr-6-2-4-7520057624_29.mp4,0,1.874404,1,0,0,0,1,66,True,4,2,True
sitting_7-9-8-4079961798.mp4,0,1.064517,1,0,0,0,1,67,True,4,2,True
flying_flickr-7-6-1-8-4-7-3-8-2676184738_7.mp4,1,0.703603,1,1,0,0,0,68,True,4,1,False
boarding_flickr-2-0-0-5-7-4-3-4-15920057434_105.mp4,1,1.511829,1,1,0,0,0,70,True,4,1,False
standing_flickr-7-4-3-2715434743_17.mp4,1,0.721558,1,1,0,0,0,72,True,4,1,False
hiking_flickr-4-7-8-9-8-9-2-6-10147898926_4.mp4,0,1.193247,1,0,0,0,1,73,True,4,2,True
talking_flickr-0-2-1-3055238021_1.mp4,0,1.61907,1,0,0,0,1,74,True,4,2,False
marching_flickr-7-2-9-9-8-8-0-5-5872998805_18.mp4,0,2.882054,1,0,0,0,1,75,True,4,2,False
talking_3-7-3-3-1-3-8-4-8637331384.mp4,1,1.131836,1,1,0,0,0,77,True,4,1,False
hiking_flickr-0-0-3-2-1-9-9-0-2400321990_5.mp4,1,0.63948,1,1,0,0,0,78,True,4,1,False
waving_flickr-4-0-6-2-1-2-9-5-5240621295_3.mp4,0,1.458562,1,0,0,0,1,79,True,4,2,False
skiing_flickr-2-8-6-5-8-0-4-2-3428658042_51.mp4,1,2.044795,1,1,0,0,0,81,True,4,1,False
spinning_flickr-8-6-8-1-0-0-1-9-2886810019_33.mp4,1,0.740632,1,1,0,0,0,82,True,4,1,True
feeding_flickr-4-3-2-6-7-2-8-6-2443267286_1.mp4,0,1.451605,1,0,0,0,1,83,True,4,2,False
reading_flickr-6-5-7-1-6-0-5-3-4465716053_21.mp4,0,1.419066,1,0,0,0,1,84,True,4,2,False
talking_9-8-0-5308004980.mp4,1,1.669355,1,1,0,0,0,85,True,4,1,False
walking_5006588345.mp4,1,2.52592,1,1,0,0,0,86,True,4,1,False
swimming_flickr-4-9-5-5-0-2-8-6-15149550286_1.mp4,1,1.436565,1,1,0,0,0,87,True,4,1,True
rafting_flickr-9-2-8-0-0-2-0-6-12092800206_20.mp4,1,1.288069,1,1,0,0,0,89,True,4,1,False
standing_flickr-4-0-9-5-1-7-6-9-2840951769_1.mp4,1,2.287039,1,1,0,0,0,90,True,4,1,False
walking_flickr-6-5-3-6-8-6-5-4-4865368654_23.mp4,1,0.861586,1,1,0,0,0,91,True,4,1,False
sawing_ihsRUngtdbE_15.mp4,1,0.916678,1,1,0,0,0,92,True,4,1,True
singing_flickr-4-3-9-3-4-5-8-5-5743934585_62.mp4,0,1.803911,1,0,0,0,1,94,True,4,2,False
performing_3-1-8-6-0-9-5-6-23831860956.mp4,-1,0.0,1,0,0,0,1,98,True,4,2,False
cheering_flickr-5-3-3-10202267533_4.mp4,1,0.029195,1,1,0,0,0,99,True,4,1,False
standing_1-7-6-5002548176.mp4,1,0.977777,1,1,0,0,0,101,True,4,1,False
cleaning_flickr-8-8-3-4-2-4-0-2-3588342402_22.mp4,-1,0.0,1,0,0,0,1,102,True,4,2,False
bicycling_flickr-5-4-0-5-2-5-5-4-16054052554_135.mp4,1,0.0,1,1,0,0,0,103,True,4,1,False
walking_flickr-4-4-1-5-3-5-0-2-15644153502_22.mp4,0,1.215083,1,0,0,0,1,104,True,4,2,True
carving_flickr-6-3-5-2-4-0-3-1-3563524031_22.mp4,0,2.186852,1,0,0,0,1,106,True,4,2,False
filming_0-2-3-14056753023.mp4,1,0.894188,1,1,0,0,0,110,True,4,1,False
sliding_flickr-0-2-8-6-3-6-5-2-22102863652_12.mp4,1,1.757561,1,1,0,0,0,111,True,4,1,False
crawling_flickr-9-1-2-9-8-0-8-8-2791298088_16.mp4,1,0.919323,1,1,0,0,0,112,True,4,1,False
flying_flickr-7-2-8-0-9-5-5-4-24272809554_26.mp4,1,1.332935,1,1,0,0,0,113,True,4,1,False
skating_flickr-2-0-9-1-3-2-4-9-2620913249_3.mp4,1,0.718676,1,1,0,0,0,114,True,4,1,False
standing_5-0-2-3868492502.mp4,1,1.016651,1,1,0,0,0,115,True,4,1,False
dancing_flickr-5-5-2-0-4-2-8-1-2755204281_27.mp4,1,0.8988,1,1,0,0,0,117,True,4,1,False
standing_flickr-5-2-1-8-3-6-1-1-5852183611_49.mp4,1,1.50105,1,1,0,0,0,118,True,4,1,False
swinging_1-1-7-2-5-1-9-5-3911725195.mp4,-1,0.0,1,0,0,0,1,119,True,4,2,False
feeding_flickr-7-3-4-4-0-7-0-0-6173440700_16.mp4,1,0.987693,1,1,0,0,0,120,True,4,1,False
folding_meta-424282_8.mp4,0,2.03285,1,0,0,0,1,121,True,4,2,False
walking_flickr-7-0-7-9-8-5-0-5-3670798505_4.mp4,1,0.581731,1,1,0,0,0,124,True,4,1,True
stitching_6-5-5-8-7-3-0-3-20265587303.mp4,1,2.870239,1,1,0,0,0,125,True,4,1,False
combusting_7-4-3-5-3-0-6-1-5874353061.mp4,1,1.093475,1,1,0,0,0,126,True,4,1,False
spinning_flickr-0-9-5-9-4-0-2-4-5109594024_17.mp4,1,1.040388,1,1,0,0,0,127,True,4,1,False
floating_flickr-1-5-4-8-9-2-5-1-2715489251_13.mp4,1,2.199262,1,1,0,0,0,130,True,4,1,False
cooking_3-9-9-5107274399.mp4,1,1.531554,1,1,0,0,0,131,True,4,1,False
drumming_flickr-3-6-7-2-8-7-1-5-4036728715_29.mp4,0,2.424821,1,0,0,0,1,132,True,4,2,False
burning_flickr-9-1-1-6-2-7-4-0-8691162740_7.mp4,1,2.32861,1,1,0,0,0,133,True,4,1,False
erupting_7-2-5-5-1-2-9-4-20172551294.mp4,1,1.110465,1,1,0,0,0,134,True,4,1,False
riding_flickr-1-4-1-0-8-0-4-1-4014108041_30.mp4,1,0.66389,1,1,0,0,0,135,True,4,1,False
flowing_flickr-7-7-3-9603898773_34.mp4,1,1.235612,1,1,0,0,0,136,True,4,1,True
standing_6735699573.mp4,0,2.508238,1,0,0,0,1,137,True,4,2,False
throwing_3-0-3-10019025303.mp4,1,1.687116,1,1,0,0,0,138,True,4,1,False
spilling_8orKwNDQbdk_2.mp4,1,1.200026,1,1,0,0,0,139,True,4,1,False
shouting_5-3-2-6-3-1-1-1-2553263111.mp4,-1,0.0,1,0,0,0,1,140,True,4,2,False
talking_3-6-9-3497506369.mp4,-1,0.0,1,0,0,0,1,141,True,4,2,False
bicycling_flickr-9-5-3-9-6-9-4-8-9295396948_73.mp4,0,0.146548,1,0,0,0,1,142,True,4,2,False
standing_flickr-7-6-1-4-9-6-2-0-5176149620_7.mp4,1,1.668373,1,1,0,0,0,143,True,4,1,False
teaching_6-6-5-8-0-6-8-7-6966580687_18.mp4,1,2.538372,1,1,0,0,0,144,True,4,1,False
cheering_flickr-0-4-5-9-2-6-4-1-2504592641_1.mp4,1,1.126403,1,1,0,0,0,145,True,4,1,False
pedaling_4-3-8-4-1-3-6-8-3843841368.mp4,1,1.80224,1,1,0,0,0,146,True,4,1,False
erupting_flickr-5-5-9-7-6-0-8-9-5555976089_3.mp4,0,1.155296,1,0,0,0,1,147,True,4,2,False
standing_7-8-8-8-3-1-0-3-3378883103.mp4,1,1.32938,1,1,0,0,0,148,True,4,1,False
selling_flickr-0-2-4-0-9-2-4-2-4402409242_22.mp4,0,1.3622,1,0,0,0,1,149,True,4,2,False
swimming_flickr-5-1-7-9-5-2-2-1-6351795221_5.mp4,1,1.447127,1,1,0,0,0,150,True,4,1,False
wetting_flickr-1-0-3-1-5-6-6-7-2410315667_6.mp4,0,1.328084,1,0,0,0,1,151,True,4,2,False
stretching_flickr-2-1-6-5515483216_16.mp4,1,2.196206,1,1,0,0,0,152,True,4,1,False
adult-male-singing_peeks-www_k_to_keek_eyZieab_4.mp4,1,1.268918,1,1,0,0,0,153,True,4,1,False
driving_flickr-4-9-4-2-3-9-5-9-2549423959_7.mp4,0,1.107855,1,0,0,0,1,154,True,4,2,False
talking_9663474303.mp4,1,1.014169,1,1,0,0,0,155,True,4,1,False
singing_flickr-4-6-5-0-0-3-4-9-2446500349_4.mp4,1,0.647159,1,1,0,0,0,158,True,4,1,False
biking_flickr-5-1-3-2-3-6-3-6-6151323636_43.mp4,1,0.647673,1,1,0,0,0,159,True,4,1,False
bicycling_flickr-6-9-2-0-6-6-8-6-4469206686_3.mp4,0,2.403975,1,0,0,0,1,160,True,4,2,False
talking_flickr-4-0-7-8673708407_12.mp4,1,1.027859,1,1,0,0,0,161,True,4,1,False
climbing_flickr-6-3-5-0-4-7-0-3-2663504703_1.mp4,1,1.789664,1,1,0,0,0,162,True,4,1,False
walking_6-9-1-6136389691.mp4,0,0.899388,1,0,0,0,1,163,True,4,2,True
flowing_flickr-8-7-8-4-4-3-3-3-5987844333_1.mp4,0,0.964477,1,0,0,0,1,164,True,4,2,False
dancing_0-7-5-3-2-2-5-0-21407532250.mp4,0,1.898477,1,0,0,0,1,165,True,4,2,False
marching_flickr-8-2-8-2-7-8-8-8-4582827888_2.mp4,1,0.681746,1,1,0,0,0,166,True,4,1,False
hugging_YJii6KKuFi4_198.mp4,1,1.890901,1,1,0,0,0,167,True,4,1,False
driving_flickr-0-3-4-0-8-5-4-3-4903408543_9.mp4,1,1.091185,1,1,0,0,0,169,True,4,1,False
talking_6-1-5-10838889615.mp4,1,0.045012,1,1,0,0,0,172,True,4,1,False
adult-male-singing_peeks-www_k_to_keek_zUqWdab_4.mp4,-1,0.0,1,0,0,0,1,173,True,4,2,False
talking_flickr-6-3-3-4760878633_10.mp4,1,1.238626,1,1,0,0,0,174,True,4,1,False
cooking_flickr-2-6-2-8-0-6-4-4-4226280644_12.mp4,1,1.614719,1,1,0,0,0,175,True,4,1,False
wetting_flickr-1-3-1-9-8-6-3-9-8713198639_42.mp4,0,2.263427,1,0,0,0,1,176,True,4,2,True
extinguishing_jazpfPaAOd8_25.mp4,1,1.235508,1,1,0,0,0,177,True,4,1,False
dancing_flickr-3-3-2-5-8-7-2-1-3833258721_4.mp4,1,0.620797,1,1,0,0,0,179,True,4,1,False
clapping_bing-www_dailymotion_com_video_x62e9u9_193.mp4,1,1.126503,1,1,0,0,0,180,True,4,1,False
singing_flickr-5-9-6-1-6-0-6-3-3759616063_3.mp4,1,2.375072,1,1,0,0,0,181,True,4,1,False
flying_flickr-5-2-9-3-5-9-0-5-20452935905_5.mp4,1,2.887008,1,1,0,0,0,183,True,4,1,False
imitating_7-4-0-3-9-6-9-3-5374039693.mp4,1,0.82396,1,1,0,0,0,184,True,4,1,False
eating_flickr-4-1-6-7-7-1-2-2-2441677122_30.mp4,0,1.003049,1,0,0,0,1,185,True,4,2,False
landing_flickr-5-9-9-9-0-5-9-5-9459990595_26.mp4,1,1.021921,1,1,0,0,0,190,True,4,1,False
shouting_8AhmtCcECeI_95.mp4,0,1.03905,1,0,0,0,1,191,True,4,2,False
standing_7-7-1-6-9-4-1-4-4677169414.mp4,1,1.167577,1,1,0,0,0,192,True,4,1,False
swimming_flickr-5-5-5-6-4-2-6-5-2755564265_12.mp4,0,1.995825,1,0,0,0,1,193,True,4,2,False
standing_5-4-6-5-3-1-9-4-4654653194.mp4,0,2.865408,1,0,0,0,1,194,True,4,2,False
sitting_1-9-1-1-2-6-7-5-5319112675.mp4,0,1.093368,1,0,0,0,1,195,True,4,2,True
competing_0-6-2-6816176062.mp4,0,2.052256,1,0,0,0,1,196,True,4,2,True
swimming_3-7-8-2-1-4-9-6-2837821496.mp4,1,3.008048,1,1,0,0,0,197,True,4,1,False
diving_flickr-5-8-2-2-0-2-1-3-3658220213_22.mp4,-1,0.0,1,0,0,0,1,198,True,4,2,True
standing_7-9-8-1-7-7-8-9-5379817789.mp4,1,1.772073,1,1,0,0,0,199,True,4,1,False
walking_flickr-5-3-1-4-3-8-3-1-24153143831_30.mp4,1,0.712999,1,1,0,0,0,200,True,4,1,False
cleaning_flickr-7-1-0-5-1-1-6-3-25471051163_5.mp4,-1,0.0,1,0,0,0,1,201,True,4,2,False
shouting_flickr-4-4-8-4-3-2-3-6-5744843236_15.mp4,0,2.855192,1,0,0,0,1,202,True,4,2,True
whistling_flickr-focused-on-birds-9077766741_3.mp4,0,1.762146,1,0,0,0,1,203,True,4,2,False
sleeping_4-7-9-1-5-8-8-7-5347915887.mp4,0,1.172769,1,0,0,0,1,204,True,4,2,True
pedaling_QehUw8drNYQ_249.mp4,0,1.307818,1,0,0,0,1,205,True,4,2,False
skiing_flickr-6-5-3-9-6-2-1-7-3865396217_11.mp4,0,0.943913,1,0,0,0,1,206,True,4,2,False
tripping_m5TsCLBtnZ0_2.mp4,0,1.206552,1,0,0,0,1,207,True,4,2,False
playing_flickr-5-8-4-1-9-6-9-3-2958419693_24.mp4,0,1.615858,1,0,0,0,1,209,True,4,2,False
racing_flickr-1-1-2-2-9-3-0-6-15111229306_74.mp4,0,1.147125,1,0,0,0,1,210,True,4,2,False
riding_flickr-9-9-0-0-2-7-9-0-5299002790_15.mp4,-1,0.0,1,0,0,0,1,211,True,4,2,False
entering_meta-1762333_147.mp4,1,2.20681,1,1,0,0,0,212,True,4,1,False
cutting_flickr-2-4-4-8-4-0-5-3-19624484053_22.mp4,0,2.07606,1,0,0,0,1,213,True,4,2,False
cooking_flickr-2-3-2-5-5-1-8-6-5323255186_5.mp4,0,1.0436,1,0,0,0,1,214,True,4,2,False
standing_flickr-9-9-2-3-2-5-4-8-3299232548_9.mp4,1,0.785111,1,1,0,0,0,215,True,4,1,False
draining_flickr-3-2-6-0-0-2-3-3-8732600233_22.mp4,1,2.580806,1,1,0,0,0,216,True,4,1,False
drinking_flickr-5-4-1-2-2-8-9-7-8554122897_10.mp4,0,1.637518,1,0,0,0,1,218,True,4,2,False
burning_flickr-7-3-2-4-3-3-2-1-6173243321_6.mp4,0,1.026009,1,0,0,0,1,220,True,4,2,False
standing_flickr-6-6-2-3854458662_6.mp4,1,0.753873,1,1,0,0,0,221,True,4,1,False
sitting_flickr-6-1-8-4305726618_17.mp4,0,0.933128,1,0,0,0,1,222,True,4,2,False
biking_flickr-8-5-8-0-7-6-3-5-14385807635_89.mp4,0,0.82992,1,0,0,0,1,224,True,4,2,False
standing_5-6-0-5244009560.mp4,0,2.865682,1,0,0,0,1,225,True,4,2,True
shooting_1-5-6-6-9-7-3-9-23915669739.mp4,-1,0.0,1,0,0,0,1,226,True,4,2,False
standing_3-1-5-5046137315.mp4,1,1.227878,1,1,0,0,0,228,True,4,1,False
bouncing_flickr-6-6-8-2-8-6-6-9-5466828669_2.mp4,0,0.843779,1,0,0,0,1,229,True,4,2,False
exercising_flickr-3-5-8-7-6-6-7-1-8035876671_24.mp4,0,1.034969,1,0,0,0,1,230,True,4,2,False
attacking_flickr-1-0-0-8-7-7-2-4-6110087724_2.mp4,1,1.353657,1,1,0,0,0,231,True,4,1,True
snowing_flickr-1-8-5-7118873185_41.mp4,-1,0.0,1,0,0,0,1,232,True,4,2,False
swimming_flickr-4-0-1-9-9-8-9-0-3940199890_39.mp4,1,0.347342,1,1,0,0,0,233,True,4,1,False
standing_0-5-3-8-6-8-2-6-4805386826.mp4,1,1.275446,1,1,0,0,0,234,True,4,1,True
camping_flickr-4-5-8-8-7-8-6-6-2945887866_2.mp4,1,0.727337,1,1,0,0,0,238,True,4,1,False
standing_8-1-5-4808323815.mp4,0,1.033709,1,0,0,0,1,239,True,4,2,False
standing_flickr-9-6-1-7029765961_41.mp4,1,0.962252,1,1,0,0,0,240,True,4,1,False
cheering_4-0-9-3411742409.mp4,0,0.681906,1,0,0,0,1,241,True,4,2,False
diving_flickr-4-9-5-2-9-5-3-9-15249529539_48.mp4,1,2.345167,1,1,0,0,0,242,True,4,1,False
laughing_flickr-6-4-5-5-7-5-4-4-5964557544_41.mp4,0,2.48396,1,0,0,0,1,243,True,4,2,False
sitting_6-2-0-3-0-3-5-5-6662030355.mp4,0,1.654436,1,0,0,0,1,244,True,4,2,True
snowing_flickr-0-9-5-3214119095_45.mp4,0,1.156988,1,0,0,0,1,245,True,4,2,True
singing_flickr-7-3-1-7-3-0-8-7-3873173087_19.mp4,1,1.291404,1,1,0,0,0,246,True,4,1,False
playing_4-8-1-0-3-0-0-8-3648103008_5.mp4,1,2.502391,1,1,0,0,0,247,True,4,1,False
talking_flickr-2-7-7-6-8-7-6-9-16527768769_2.mp4,0,0.838684,1,0,0,0,1,248,True,4,2,False
working_9-6-5-6746821965.mp4,1,0.815149,1,1,0,0,0,250,True,4,1,False
singing_flickr-7-4-9-9-1-2-3-6-14674991236_1.mp4,1,0.841616,1,1,0,0,0,251,True,4,1,False
adult-male-singing_bing-www_pond5_com_stock-footage_58356471_potoksar-himalayan-village-life-men-singing-1_html_10.mp4,1,0.754744,1,1,0,0,0,252,True,4,1,False
walking_flickr-9-5-5-3246226955_7.mp4,1,1.058123,1,1,0,0,0,253,True,4,1,False
yawning_flickr-2-8-8-0-4-0-5-6-24528804056_27.mp4,-1,0.0,1,0,0,0,1,254,True,4,2,False
talking_flickr-5-9-7-9-7-4-5-8-15759797458_71.mp4,1,1.621173,1,1,0,0,0,255,True,4,1,False
hiking_flickr-8-1-3-3-3-2-4-4-2581333244_28.mp4,1,2.967936,1,1,0,0,0,257,True,4,1,False
climbing_flickr-7-4-3-0-6-7-2-7-2974306727_80.mp4,0,0.93088,1,0,0,0,1,258,True,4,2,True
standing_flickr-3-5-2-6-4-4-8-6-22735264486_1.mp4,0,0.0,1,0,0,0,1,259,True,4,2,False
talking_7-5-1-7-0-5-1-6-4775170516.mp4,0,1.369365,1,0,0,0,1,260,True,4,2,False
singing_flickr-7-3-1-9-6-4-5-7-3373196457_34.mp4,0,2.107438,1,0,0,0,1,261,True,4,2,True
biking_flickr-3-8-8-6-6-9-4-8-15738866948_77.mp4,1,0.688716,1,1,0,0,0,262,True,4,1,False
sitting_flickr-9-6-6-12240927966_12.mp4,1,1.617653,1,1,0,0,0,263,True,4,1,False
standing_flickr-3-0-0-3-0-6-9-8-3730030698_13.mp4,0,0.774121,1,0,0,0,1,264,True,4,2,False
driving_flickr-4-7-8-2-5-0-1-9-5047825019_7.mp4,1,0.873902,1,1,0,0,0,265,True,4,1,False
filling_7-0-2-4756866702.mp4,0,1.49992,1,0,0,0,1,266,True,4,2,False
walking_flickr-3-1-6-1-8-7-5-9-20131618759_3.mp4,1,0.895943,1,1,0,0,0,267,True,4,1,False
skiing_flickr-8-3-1-5-1-4-8-7-16583151487_5.mp4,0,1.02842,1,0,0,0,1,269,True,4,2,False
singing_0OVYmwMMoaY_85.mp4,1,0.733403,1,1,0,0,0,270,True,4,1,False
cheerleading_flickr-3-7-7-3-2-2-6-9-24637732269_1.mp4,1,0.652203,1,1,0,0,0,272,True,4,1,True
floating_flickr-3-5-7-1-3-5-5-0-4835713550_22.mp4,1,2.991611,1,1,0,0,0,273,True,4,1,False
boating_6-3-8-9-3-1-6-9-16463893169.mp4,1,2.021817,1,1,0,0,0,276,True,4,1,False
singing_0cgkkiZJEQg_135.mp4,-1,0.0,1,0,0,0,1,277,True,4,2,False
dancing_flickr-4-8-4-2-5-8-9-6-5948425896_36.mp4,0,1.238823,1,0,0,0,1,278,True,4,2,False
cooking_8bbL5ZTo8J4_322.mp4,0,0.802078,1,0,0,0,1,279,True,4,2,False
falling_flickr-4-6-3-7-2-6-5-4-3646372654_53.mp4,0,1.083547,1,0,0,0,1,280,True,4,2,True
talking_9-5-4-0-8-2-4-5-2795408245.mp4,1,1.730866,1,1,0,0,0,281,True,4,1,False
performing_flickr-6-1-5-2-3-6-4-0-14561523640_15.mp4,0,1.220845,1,0,0,0,1,282,True,4,2,False
eating_flickr-7-3-5-3-2-3-2-6-5873532326_16.mp4,0,1.019747,1,0,0,0,1,285,True,4,2,False
queuing_flickr-6-6-7-8-0-7-8-5-4366780785_1.mp4,1,0.774664,1,1,0,0,0,287,True,4,1,False
racing_flickr-6-5-6-0-1-4-8-1-23065601481_6.mp4,0,1.088416,1,0,0,0,1,288,True,4,2,False
dancing_flickr-4-6-6-7-7-0-6-6-23446677066_11.mp4,0,1.955872,1,0,0,0,1,289,True,4,2,False
shopping_flickr-2-3-9-8290571239_5.mp4,1,2.826424,1,1,0,0,0,290,True,4,1,False
sitting_3-0-0-3-0-6-9-8-3730030698.mp4,0,0.82052,1,0,0,0,1,294,True,4,2,False
descending_flickr-0-3-0-2-0-8-2-5-3503020825_4.mp4,1,0.765295,1,1,0,0,0,295,True,4,1,False
landing_flickr-4-6-8-0-2-6-2-8-14346802628_11.mp4,1,0.697121,1,1,0,0,0,297,True,4,1,False
sitting_flickr-5-9-4-9166960594_12.mp4,1,2.351999,1,1,0,0,0,298,True,4,1,True
knitting_HHzdgcbjZ88_28.mp4,1,1.445817,1,1,0,0,0,299,True,4,1,False
dining_flickr-0-6-6-1-5-8-2-5-14806615825_5.mp4,1,1.830416,1,1,0,0,0,300,True,4,1,False
laughing_fb80G5HM_t4_75.mp4,0,1.692625,1,0,0,0,1,301,True,4,2,False
sniffing_5-3-0-9-0-5-9-2-4353090592.mp4,-1,0.0,1,0,0,0,1,302,True,4,2,False
swinging_flickr-2-7-9-9-3-3-8-3-2627993383_11.mp4,0,2.57045,1,0,0,0,1,305,True,4,2,False
walking_flickr-6-4-2-4-6-1-9-4-20364246194_18.mp4,0,2.328416,1,0,0,0,1,307,True,4,2,False
standing_7-5-6-3-9-6-1-0-8875639610.mp4,0,1.086538,1,0,0,0,1,308,True,4,2,False
skating_flickr-5-8-6-1-9-0-1-3-3158619013_17.mp4,0,1.389379,1,0,0,0,1,309,True,4,2,False
singing_1c_RnXe2MP0_55.mp4,0,1.298131,1,0,0,0,1,310,True,4,2,False
shooting_flickr-1-4-6-8-2-4-9-6-5714682496_35.mp4,0,1.739264,1,0,0,0,1,312,True,4,2,False
clapping_flickr-7-1-9-2-0-1-1-4-5271920114_11.mp4,0,1.673547,1,0,0,0,1,313,True,4,2,False
standing_flickr-1-3-8-4-1-3-4-8-2413841348_13.mp4,1,0.610663,1,1,0,0,0,314,True,4,1,False
playing_flickr-5-4-8-9-5-9-0-9-6454895909_36.mp4,1,0.983695,1,1,0,0,0,315,True,4,1,False
barbecuing_flickr-2-2-9-2724692229_2.mp4,0,2.890507,1,0,0,0,1,317,True,4,2,False
pitching_flickr-7-1-0-4-6-6-8-5-2471046685_1.mp4,0,1.056272,1,0,0,0,1,319,True,4,2,False
spinning_flickr-2-7-6-1-5-5-9-1-9127615591_2.mp4,1,2.316805,1,1,0,0,0,321,True,4,1,False
closing_yt_R-oU_eG56Ohuo_75.mp4,0,0.785298,1,0,0,0,1,324,True,4,2,False
lifting_flickr-9-6-9-5-9-9-0-9-8396959909_16.mp4,0,1.833191,1,0,0,0,1,325,True,4,2,False
skiing_flickr-2-7-6-9-0-9-2-8-8627690928_52.mp4,0,1.23166,1,0,0,0,1,326,True,4,2,False
driving_flickr-8-4-1-5-8-3-6-4-5984158364_36.mp4,1,1.722837,1,1,0,0,0,327,True,4,1,False
swimming_5-7-6-4-4-1-1-8-16257644118.mp4,0,2.810171,1,0,0,0,1,328,True,4,2,False
pouring_flickr-6-7-5-6-2-8-7-0-4067562870_12.mp4,0,1.749287,1,0,0,0,1,331,True,4,2,False
drinking_flickr-9-3-2-4-0-4-3-5-2993240435_2.mp4,1,3.00027,1,1,0,0,0,332,True,4,1,False
talking_8-1-5-14039471815.mp4,0,1.188926,1,0,0,0,1,333,True,4,2,False
performing_flickr-3-0-6-8-2-7-0-1-23630682701_8.mp4,1,2.677054,1,1,0,0,0,334,True,4,1,False
flowing_flickr-4-1-2-6-0-0-7-1-24241260071_11.mp4,0,0.178124,1,0,0,0,1,337,True,4,2,True
jumping_flickr-7-2-7-8-0-7-5-4-7872780754_14.mp4,0,1.836579,1,0,0,0,1,338,True,4,2,False
racing_flickr-2-2-1-2-6-8-0-4-25922126804_21.mp4,0,1.726451,1,0,0,0,1,340,True,4,2,True
skating_flickr-8-9-8-1-4-4-5-1-5589814451_5.mp4,0,2.072644,1,0,0,0,1,341,True,4,2,False
packing_flickr-2-0-9-0-4-2-7-2-6220904272_14.mp4,0,1.390953,1,0,0,0,1,342,True,4,2,False
pouring_7-5-4-9-3-5-5-0-21875493550.mp4,0,1.251466,1,0,0,0,1,343,True,4,2,False
teaching_flickr-2-0-6-0-5-8-8-4-20420605884_112.mp4,0,2.942181,1,0,0,0,1,344,True,4,2,False
driving_flickr-5-4-5-4-8-3-7-7-2754548377_31.mp4,1,1.037093,1,1,0,0,0,348,True,4,1,False
talking_0-1-1-6-7-6-2-9-3101167629.mp4,1,2.001248,1,1,0,0,0,350,True,4,1,False
wetting_flickr-3-5-9-2-2-7-7-2-8635922772_2.mp4,0,1.461186,1,0,0,0,1,351,True,4,2,True
camping_flickr-0-1-0-8-5-7-5-9-3801085759_22.mp4,-1,0.0,1,0,0,0,1,352,True,4,2,False
sleeping_flickr-2-1-1-4-0-5-2-0-5321140520_16.mp4,0,0.137854,1,0,0,0,1,353,True,4,2,False
performing_flickr-6-1-6-3-0-4-4-2-7961630442_4.mp4,1,1.133058,1,1,0,0,0,355,True,4,1,False
boating_flickr-2-9-4-7-6-3-0-9-2729476309_9.mp4,-1,0.0,1,0,0,0,1,356,True,4,2,False
steering_flickr-1-8-0-8-8-8-6-5-6818088865_3.mp4,0,1.444921,1,0,0,0,1,357,True,4,2,False
rubbing_flickr-8-4-1-7-9-0-8-1-23784179081_21.mp4,1,1.142644,1,1,0,0,0,358,True,4,1,False
boating_9-1-0-1-9-9-9-8-5491019998.mp4,0,2.522011,1,0,0,0,1,359,True,4,2,False
catching_flickr-0-0-5-10301465005_1.mp4,0,2.027909,1,0,0,0,1,362,True,4,2,False
wetting_1-5-6-3-7-2-7-7-14915637277.mp4,1,0.776529,1,1,0,0,0,364,True,4,1,False
dancing_flickr-4-6-5-5-1-4-7-1-2946551471_7.mp4,-1,0.0,1,0,0,0,1,365,True,4,2,False
sleeping_flickr-0-5-1-8-5-1-9-5-3205185195_41.mp4,0,0.0,1,0,0,0,1,366,True,4,2,False
standing_8-0-6-10814325806.mp4,0,1.41967,1,0,0,0,1,367,True,4,2,False
landing_4-5-7-6-6-9-5-2-15945766952_83.mp4,0,1.734483,1,0,0,0,1,368,True,4,2,False
sitting_flickr-1-5-6-8-7-5-1-6-18715687516_6.mp4,0,1.282698,1,0,0,0,1,370,True,4,2,True
hiking_flickr-0-3-8-7-4-6-2-2-2703874622_5.mp4,1,1.125525,1,1,0,0,0,372,True,4,1,False
cheering_flickr-0-9-9-7-9-1-6-3-2909979163_12.mp4,0,2.035352,1,0,0,0,1,373,True,4,2,False
talking_9-1-2-9-1-7-2-6-25491291726.mp4,0,1.015525,1,0,0,0,1,374,True,4,2,False
talking_flickr-0-7-8-9-6-9-6-1-2407896961_9.mp4,0,2.144899,1,0,0,0,1,375,True,4,2,False
laughing_flickr-1-2-0-1-8-1-4-1-3212018141_43.mp4,1,2.238745,1,1,0,0,0,376,True,4,1,False
sitting_7-1-0-3353641710.mp4,1,0.597838,1,1,0,0,0,377,True,4,1,True
playing_flickr-7-5-3-6-0-0-7-9-6575360079_13.mp4,1,0.557581,1,1,0,0,0,379,True,4,1,False
shooting_flickr-1-3-0-4-4-8-8-5-4813044885_3.mp4,0,0.932871,1,0,0,0,1,380,True,4,2,False
walking_9-5-8-6868908958.mp4,1,1.485936,1,1,0,0,0,381,True,4,1,False
driving_flickr-5-1-2-4656108512_7.mp4,0,2.674787,1,0,0,0,1,382,True,4,2,False
singing_1pjIgsCKXz4_15.mp4,1,2.546561,1,1,0,0,0,383,True,4,1,False
playing_flickr-7-0-0-7-0-9-9-5-19370070995_81.mp4,0,1.779481,1,0,0,0,1,384,True,4,2,True
burning_0-9-8-7-1-4-4-9-6609871449.mp4,0,1.037646,1,0,0,0,1,385,True,4,2,False
cutting_flickr-3-5-7-9-3-0-7-2-16035793072_4.mp4,1,1.171121,1,1,0,0,0,386,True,4,1,False
standing_flickr-3-3-0-9-1-0-0-2-3033091002_51.mp4,0,2.311951,1,0,0,0,1,387,True,4,2,False
clapping_6-3-4-4808259634.mp4,1,1.13196,1,1,0,0,0,389,True,4,1,False
waking_flickr-8-4-3-3-4-6-3-1-2484334631_19.mp4,0,1.232932,1,0,0,0,1,391,True,4,2,False
hiking_flickr-1-1-9-0-6-7-9-9-2711906799_3.mp4,-1,0.0,1,0,0,0,1,392,True,4,2,False
dancing_flickr-5-3-4-9-4-9-2-8-20253494928_7.mp4,1,0.0,1,1,0,0,0,393,True,4,1,False
turning_flickr-2-5-4-5045900254_1.mp4,0,1.946287,1,0,0,0,1,394,True,4,2,False
walking_flickr-5-0-9-6-1-5-0-8-3450961508_6.mp4,1,0.580117,1,1,0,0,0,395,True,4,1,False
shoveling_flickr-1-5-4-8-5-6-8-7-5415485687_9.mp4,-1,0.0,1,0,0,0,1,396,True,4,2,False
rolling_flickr-7-1-4-4-9-5-7-3-4271449573_3.mp4,0,0.815288,1,0,0,0,1,398,True,4,2,False
singing_flickr-7-6-9-1-9-1-2-0-24676919120_47.mp4,0,0.911392,1,0,0,0,1,399,True,4,2,True
standing_9-5-6-5-4-8-1-3-24395654813.mp4,1,1.431622,1,1,0,0,0,400,True,4,1,False
flying_4-5-6-8-4-9-4-9-14945684949.mp4,0,1.693227,1,0,0,0,1,402,True,4,2,False
knocking_3-3-3-8-5-1-6-1-4433385161.mp4,1,0.844245,1,1,0,0,0,403,True,4,1,False
competing_flickr-1-4-3-4672796143_12.mp4,1,2.931035,1,1,0,0,0,404,True,4,1,False
storming_flickr-3-3-8-9-3-1-0-4-2533893104_3.mp4,-1,0.0,1,0,0,0,1,405,True,4,2,False
performing_flickr-4-5-1-5-8-9-6-7-3145158967_6.mp4,1,1.372676,1,1,0,0,0,406,True,4,1,False
stopping_flickr-9-2-2-8-7-2-8-8-5092287288_47.mp4,1,2.308533,1,1,0,0,0,408,True,4,1,False
feeding_flickr-3-1-4-6-5-6-4-5-19531465645_7.mp4,0,1.266602,1,0,0,0,1,409,True,4,2,False
boxing_owGniEqy7RY_1.mp4,0,1.777188,1,0,0,0,1,411,True,4,2,False
driving_2-7-0-8585566270.mp4,1,0.807914,1,1,0,0,0,412,True,4,1,False
boating_flickr-2-5-0-8-4-4-8-0-4525084480_9.mp4,0,1.557984,1,0,0,0,1,413,True,4,2,False
rising_dsGKxlQdVs4_41.mp4,1,1.740594,1,1,0,0,0,414,True,4,1,False
teaching_flickr-8-8-3-6-1-2-7-6-19888361276_2.mp4,1,0.67107,1,1,0,0,0,416,True,4,1,False
jumping_flickr-0-1-4-2966253014_6.mp4,0,0.952915,1,0,0,0,1,417,True,4,2,False
slipping_2-4-4-7554325244.mp4,1,0.793594,1,1,0,0,0,421,True,4,1,False
chopping_flickr-9-7-8-9-1-2-7-1-3797891271_19.mp4,0,1.009808,1,0,0,0,1,422,True,4,2,False
competing_flickr-6-9-5-2-3-5-7-5-2669523575_2.mp4,1,1.053604,1,1,0,0,0,423,True,4,1,False
drinking_flickr-6-8-0-2-6-5-9-8-5968026598_3.mp4,1,1.269062,1,1,0,0,0,424,True,4,1,False
spinning_flickr-7-4-9-4-2-8-6-0-4474942860_37.mp4,0,1.127075,1,0,0,0,1,425,True,4,2,False
knocking_flickr-5-9-9-7-2-7-9-8-16459972798_12.mp4,0,0.697632,1,0,0,0,1,428,True,4,2,False
lifting_flickr-7-7-1-4-8-2-8-4-2977148284_3.mp4,0,1.131,1,0,0,0,1,430,True,4,2,False
racing_flickr-5-5-3-9-6-8-0-4-5255396804_31.mp4,0,0.025003,1,0,0,0,1,433,True,4,2,True
drawing_flickr-9-8-1-6-9-0-7-6-14098169076_128.mp4,0,2.051875,1,0,0,0,1,435,True,4,2,False
celebrating_7_80k9hYBpc_194.mp4,0,1.277776,1,0,0,0,1,436,True,4,2,False
competing_6-2-4-9926598624.mp4,0,1.88763,1,0,0,0,1,437,True,4,2,False
playing_flickr-6-7-7-3697694677_18.mp4,1,0.675324,1,1,0,0,0,438,True,4,1,False
clapping_flickr-6-8-4-3-0-7-7-5-4568430775_5.mp4,1,0.792307,1,1,0,0,0,439,True,4,1,False
marching_flickr-2-5-5-8-5-0-7-9-14025585079_22.mp4,1,3.024,1,1,0,0,0,441,True,4,1,False
coaching_flickr-2-4-8-7-5-8-8-0-2424875880_4.mp4,0,1.174125,1,0,0,0,1,442,True,4,2,False
falling_flickr-3-5-0-3-7-5-8-1-24035037581_6.mp4,0,1.204606,1,0,0,0,1,443,True,4,2,False
feeding_flickr-8-7-4-1-9-5-2-5-20087419525_24.mp4,1,1.691407,1,1,0,0,0,444,True,4,1,False
diving_flickr-5-3-3-8-1-7-1-6-8553381716_1.mp4,1,0.854974,1,1,0,0,0,445,True,4,1,False
pulling_flickr-1-3-5-7-0-6-7-5-2813570675_44.mp4,-1,0.0,1,0,0,0,1,447,True,4,2,True
sleeping_flickr-1-3-4-9-3-0-3-8-2713493038_6.mp4,1,0.0,1,1,0,0,0,448,True,4,1,False
walking_flickr-9-4-2-7-3-4-3-3-3194273433_11.mp4,1,0.888039,1,1,0,0,0,449,True,4,1,False
howling_OeYnX9NwB1k_7.mp4,1,1.415484,1,1,0,0,0,451,True,4,1,False
raising_flickr-6-6-9-8-3-4-2-1-20466983421_6.mp4,1,3.024,1,1,0,0,0,452,True,4,1,False
crawling_flickr-3-9-4-5-1-5-9-0-3739451590_6.mp4,1,1.028011,1,1,0,0,0,453,True,4,1,False
diving_flickr-5-8-1-0-4-9-2-6-9058104926_36.mp4,1,0.83553,1,1,0,0,0,454,True,4,1,False
bicycling_flickr-6-2-4-6-1-4-7-8-7362461478_15.mp4,1,0.778282,1,1,0,0,0,455,True,4,1,False
competing_flickr-8-0-3-5947649803_63.mp4,1,1.797723,1,1,0,0,0,457,True,4,1,False
filming_flickr-5-3-6-3-5-5-7-0-3653635570_8.mp4,-1,0.0,1,0,0,0,1,458,True,4,2,False
cutting_flickr-6-1-2-8-2-6-0-9-3161282609_16.mp4,0,8e-06,1,0,0,0,1,459,True,4,2,False
skating_flickr-0-5-0-5-0-6-6-2-4305050662_14.mp4,1,0.695318,1,1,0,0,0,461,True,4,1,False
teaching_flickr-1-5-9-6167443159_35.mp4,0,0.826515,1,0,0,0,1,462,True,4,2,False
playing_7-2-2-9-5-8-2-3-3572295823_4.mp4,1,1.335256,1,1,0,0,0,463,True,4,1,False
swimming_flickr-5-3-2-7-3-0-1-6-5953273016_27.mp4,0,1.224867,1,0,0,0,1,464,True,4,2,False
shooting_flickr-6-1-7-2-8-2-5-4-3961728254_12.mp4,-1,0.0,1,0,0,0,1,465,True,4,2,False
flying_flickr-7-5-3-1-9-3-4-0-14375319340_89.mp4,0,2.66504,1,0,0,0,1,469,True,4,2,True
sleeping_flickr-5-3-5-0-8-5-2-3-4453508523_4.mp4,0,0.818035,1,0,0,0,1,471,True,4,2,True
surfing_3-7-1-0-1-0-6-7-2937101067.mp4,0,0.754768,1,0,0,0,1,472,True,4,2,False
burning_flickr-5-0-2-4-2-6-1-7-3950242617_3.mp4,0,1.326258,1,0,0,0,1,474,True,4,2,False
diving_flickr-9-8-4-0-5-8-8-3-2998405883_15.mp4,1,0.908248,1,1,0,0,0,475,True,4,1,False
wetting_flickr-5-0-6-7-6-3-8-4-15250676384_10.mp4,0,0.975713,1,0,0,0,1,478,True,4,2,False
talking_9-6-5-4945586965.mp4,1,0.620863,1,1,0,0,0,479,True,4,1,False
building_flickr-2-3-1-2-1-8-0-2-14023121802_8.mp4,0,0.808259,1,0,0,0,1,481,True,4,2,False
jumping_flickr-5-1-9-4729891519_6.mp4,1,1.354991,1,1,0,0,0,483,True,4,1,False
jumping_flickr-2-0-8-4-0-7-9-3-3120840793_35.mp4,-1,0.0,1,0,0,0,1,484,True,4,2,False
swimming_flickr-5-3-9-0-1-8-8-0-4853901880_6.mp4,0,2.282916,1,0,0,0,1,486,True,4,2,False
talking_flickr-6-7-7-2415755677_13.mp4,-1,0.0,1,0,0,0,1,487,True,4,2,False
dripping_flickr-4-9-2-0-8-3-6-1-3149208361_4.mp4,0,0.713385,1,0,0,0,1,488,True,4,2,False
sitting_flickr-1-8-1-2703477181_50.mp4,1,1.646845,1,1,0,0,0,489,True,4,1,False
smashing_flickr-7-7-8-7-9-6-7-6-3677879676_8.mp4,0,1.344502,1,0,0,0,1,490,True,4,2,False
walking_flickr-4-4-7-3-8-7-6-0-2444738760_19.mp4,1,1.080089,1,1,0,0,0,491,True,4,1,False
swimming_flickr-5-9-6-5-2-1-7-4-11359652174_15.mp4,1,2.74371,1,1,0,0,0,492,True,4,1,False
racing_flickr-4-7-7-5-6-9-5-8-9347756958_2.mp4,0,2.59899,1,0,0,0,1,493,True,4,2,False
standing_flickr-0-2-0-7-7-4-8-4-4802077484_28.mp4,0,1.608446,1,0,0,0,1,495,True,4,2,False
rafting_flickr-0-4-4-0-8-6-8-7-3704408687_13.mp4,0,1.646762,1,0,0,0,1,498,True,4,2,False
snowing_wc-D4aYoQrIanVk_8.mp4,0,1.015084,1,0,0,0,1,501,True,4,2,False
boating_8-1-0-2784666810.mp4,0,1.554845,1,0,0,0,1,502,True,4,2,False
splashing_8-4-4-13830479844.mp4,0,0.869106,1,0,0,0,1,503,True,4,2,False
cutting_flickr-2-3-9-6-3-6-7-5-6323963675_7.mp4,1,1.129271,1,1,0,0,0,504,True,4,1,False
dancing_flickr-4-5-1-6-4-8-3-3-18545164833_2.mp4,-1,0.0,1,0,0,0,1,505,True,4,2,False
sitting_flickr-7-8-1-9-8-9-6-6-12278198966_47.mp4,0,0.903549,1,0,0,0,1,508,True,4,2,False
crawling_flickr-2-0-9-4-2-3-5-8-8320942358_28.mp4,0,1.068669,1,0,0,0,1,509,True,4,2,False
standing_flickr-3-7-7-7-6-9-8-7-5737776987_17.mp4,-1,0.0,1,0,0,0,1,510,True,4,2,False
standing_flickr-3-3-2-6-0-6-8-4-2433260684_5.mp4,0,1.53801,1,0,0,0,1,511,True,4,2,True
standing_flickr-1-5-0-6-4-6-8-6-2915064686_10.mp4,0,1.835804,1,0,0,0,1,512,True,4,2,True
feeding_flickr-8-6-3-5-0-2-4-4-12486350244_32.mp4,-1,0.0,1,0,0,0,1,515,True,4,2,False
parading_0-7-2-3-9-6-0-3-24207239603.mp4,1,1.067639,1,1,0,0,0,517,True,4,1,False
covering_flickr-8-6-6-2-7-7-9-0-7386627790_72.mp4,1,0.266924,1,1,0,0,0,518,True,4,1,False
splashing_flickr-1-6-9-4-3-1-1-7-16416943117_8.mp4,0,0.782075,1,0,0,0,1,520,True,4,2,False
sitting_flickr-8-6-7-6-5-6-2-3-12286765623_5.mp4,0,0.651756,1,0,0,0,1,523,True,4,2,True
diving_flickr-3-0-0-8-9-8-3-5-16230089835_5.mp4,0,1.017574,1,0,0,0,1,524,True,4,2,False
talking_flickr-2-9-2-8-0-4-4-9-3329280449_7.mp4,1,0.884923,1,1,0,0,0,525,True,4,1,False
drinking_flickr-7-3-9-3-0-4-9-0-3273930490_12.mp4,1,2.585479,1,1,0,0,0,526,True,4,1,False
diving_7-9-9-5-6-0-9-4-10879956094_8.mp4,1,3.024,1,1,0,0,0,527,True,4,1,False
walking_flickr-0-4-7-9-3-3-6-3-11304793363_3.mp4,1,2.115789,1,1,0,0,0,528,True,4,1,False
performing_flickr-2-2-9-7975460229_7.mp4,0,0.987061,1,0,0,0,1,529,True,4,2,False
fishing_flickr-8-7-8-0-0-2-7-5-4787800275_1.mp4,0,1.698767,1,0,0,0,1,531,True,4,2,False
cooking_flickr-9-5-3-6-2-3-6-3-20295362363_117.mp4,1,1.42179,1,1,0,0,0,533,True,4,1,True
shouting_flickr-1-3-3-0-3-3-2-7-2513303327_10.mp4,0,2.454386,1,0,0,0,1,534,True,4,2,False
crawling_flickr-6-4-6-3-6-4-5-5-9664636455_17.mp4,0,1.118262,1,0,0,0,1,537,True,4,2,False
throwing_8-0-5-4-4-5-8-7-2480544587.mp4,1,1.184572,1,1,0,0,0,538,True,4,1,False
racing_flickr-0-6-6-3-4-7-8-5-3906634785_12.mp4,1,1.162141,1,1,0,0,0,540,True,4,1,True
riding_flickr-7-0-4-0-7-1-5-2-17370407152_4.mp4,-1,0.0,1,0,0,0,1,541,True,4,2,False
sitting_0-3-6-2-3-3-4-4-8103623344.mp4,0,0.05936,1,0,0,0,1,542,True,4,2,False
standing_flickr-0-3-5-4-2-0-8-1-3903542081_11.mp4,0,1.343798,1,0,0,0,1,543,True,4,2,False
eating_flickr-7-1-4-7-2-3-3-2-4871472332_2.mp4,0,0.673068,1,0,0,0,1,544,True,4,2,True
skating_flickr-9-9-7-8-7-0-1-0-5499787010_24.mp4,1,1.188177,1,1,0,0,0,545,True,4,1,False
cheering_flickr-6-2-7-1-6-6-2-1-9562716621_15.mp4,1,1.570364,1,1,0,0,0,546,True,4,1,True
landing_flickr-5-8-2-9-5-6-8-4-7858295684_36.mp4,1,1.2585,1,1,0,0,0,547,True,4,1,False
leaking_flickr-7-6-0-6-0-6-3-1-19876060631_4.mp4,1,1.004321,1,1,0,0,0,548,True,4,1,False
celebrating_2V79FsQGD0M_960.mp4,1,1.043133,1,1,0,0,0,549,True,4,1,False
cheering_flickr-6-6-0-6-5-4-0-6-3166065406_6.mp4,0,1.195154,1,0,0,0,1,550,True,4,2,False
flying_flickr-5-2-8-6-9-1-8-9-9652869189_2.mp4,0,1.791058,1,0,0,0,1,551,True,4,2,False
driving_5-2-4-5-8-0-7-9-4752458079.mp4,0,1.557487,1,0,0,0,1,552,True,4,2,False
paying_edCluXW6R3c_18.mp4,1,3.05,1,1,0,0,0,556,True,4,1,False
sitting_flickr-9-7-7-8546153977_3.mp4,0,0.768543,1,0,0,0,1,557,True,4,2,True
laughing_flickr-0-9-8-6-9-2-7-7-3109869277_21.mp4,0,1.68199,1,0,0,0,1,558,True,4,2,False
performing_flickr-8-7-2-8-3-4-5-5-11987283455_4.mp4,0,1.166499,1,0,0,0,1,559,True,4,2,True
performing_flickr-5-1-3-5-3-0-8-0-6351353080_15.mp4,1,1.174293,1,1,0,0,0,560,True,4,1,False
picking_flickr-5-4-2-0-4-8-3-1-3554204831_56.mp4,0,1.137467,1,0,0,0,1,561,True,4,2,False
feeding_flickr-2-8-8-7-2-7-0-1-4828872701_1.mp4,-1,0.0,1,0,0,0,1,564,True,4,2,False
exiting_flickr-leblogdutempsperdu-5543106068_20.mp4,0,0.12515,1,0,0,0,1,565,True,4,2,False
talking_0-1-5-9-5-1-8-7-2401595187.mp4,1,1.49941,1,1,0,0,0,566,True,4,1,False
reading_flickr-5-7-2-7-6-4-0-0-2457276400_12.mp4,1,0.989078,1,1,0,0,0,567,True,4,1,False
standing_flickr-4-4-1-2-3-4-0-4-10544123404_144.mp4,0,1.363914,1,0,0,0,1,568,True,4,2,False
sitting_8-0-7-4024795807.mp4,1,2.418375,1,1,0,0,0,569,True,4,1,False
jumping_2-2-4-10106854224.mp4,0,0.658448,1,0,0,0,1,570,True,4,2,False
hitting_flickr-4-6-4-1-8-6-7-3-4046418673_2.mp4,-1,0.0,1,0,0,0,1,571,True,4,2,False
walking_flickr-0-2-5-5-0-4-5-2-5602550452_6.mp4,1,2.184538,1,1,0,0,0,573,True,4,1,False
marching_flickr-2-8-9-7-1-4-4-0-5828971440_3.mp4,0,1.525821,1,0,0,0,1,574,True,4,2,True
juggling_flickr-1-1-4-5-2-8-8-1-15611452881_37.mp4,0,1.031553,1,0,0,0,1,575,True,4,2,False
competing_4-7-8-1-3-0-3-3-5847813033.mp4,0,1.005953,1,0,0,0,1,576,True,4,2,False
bicycling_flickr-5-9-9-4-7-0-1-1-15059947011_163.mp4,1,2.664349,1,1,0,0,0,577,True,4,1,False
talking_flickr-4-0-3-3-6-5-6-8-2940336568_10.mp4,1,1.739622,1,1,0,0,0,578,True,4,1,False
playing_flickr-7-4-4-9-1-4-5-9-4474491459_26.mp4,1,1.886766,1,1,0,0,0,579,True,4,1,False
talking_5-0-2-9044555502.mp4,-1,0.0,1,0,0,0,1,580,True,4,2,True
sitting_3-3-4-3-0-1-3-1-6833430131.mp4,-1,0.0,1,0,0,0,1,581,True,4,2,False
sitting_flickr-9-8-4-7-8-6-5-6-5298478656_19.mp4,1,1.22667,1,1,0,0,0,582,True,4,1,False
talking_flickr-3-9-3-9147039393_12.mp4,0,2.834057,1,0,0,0,1,583,True,4,2,False
standing_flickr-6-5-5-1-0-9-8-9-2565510989_33.mp4,0,1.710629,1,0,0,0,1,584,True,4,2,False
hiking_flickr-7-7-4-1-9-6-2-6-8677419626_22.mp4,0,1.699035,1,0,0,0,1,585,True,4,2,False
building_flickr-7-5-1-2564793751_10.mp4,1,1.163103,1,1,0,0,0,586,True,4,1,False
sleeping_flickr-4-9-5-3-2-0-5-8-5449532058_46.mp4,1,0.003656,1,1,0,0,0,589,True,4,1,False
competing_flickr-9-9-5-10130090995_5.mp4,0,1.680378,1,0,0,0,1,590,True,4,2,False
wrapping_flickr-6-1-8-5-6-7-0-4-5261856704_17.mp4,1,0.663949,1,1,0,0,0,591,True,4,1,False
racing_flickr-8-1-9-6-4-4-1-9-2781964419_3.mp4,0,1.336429,1,0,0,0,1,592,True,4,2,False
flowing_flickr-5-6-8-7-7-1-1-3-5356877113_9.mp4,0,1.536762,1,0,0,0,1,594,True,4,2,False
competing_flickr-3-1-4-5-8-7-9-6-7731458796_6.mp4,0,1.294651,1,0,0,0,1,597,True,4,2,False
talking_6-2-3-4-8-9-0-0-16662348900.mp4,1,1.437314,1,1,0,0,0,598,True,4,1,False
talking_9-4-2-8671286942.mp4,-1,0.0,1,0,0,0,1,599,True,4,2,False
drying_flickr-3-0-2-4-3-0-3-7-2830243037_9.mp4,-1,0.0,1,0,0,0,1,600,True,4,2,False
talking_3-0-5-6-5-9-0-8-18230565908.mp4,1,1.531517,1,1,0,0,0,601,True,4,1,True
standing_flickr-5-1-9-9-3-4-1-8-21851993418_17.mp4,0,1.204216,1,0,0,0,1,602,True,4,2,False
dancing_flickr-9-1-1-1-1-7-4-2-5591111742_54.mp4,1,0.562387,1,1,0,0,0,604,True,4,1,False
eating_flickr-4-0-0-2-8-6-9-6-3140028696_6.mp4,0,1.085876,1,0,0,0,1,608,True,4,2,False
driving_flickr-9-5-2-2-0-5-5-5-22195220555_17.mp4,0,1.354534,1,0,0,0,1,609,True,4,2,False
driving_flickr-3-5-3-2-8-9-0-6-26035328906_22.mp4,0,1.701276,1,0,0,0,1,610,True,4,2,True
rising_flickr-4-7-7-2-9-8-9-8-3647729898_16.mp4,-1,0.0,1,0,0,0,1,611,True,4,2,False
talking_4-2-4-0-2-2-7-1-4742402271.mp4,1,0.016727,1,1,0,0,0,612,True,4,1,False
pouring_4-3-3-1-0-6-4-0-8743310640.mp4,0,1.471895,1,0,0,0,1,613,True,4,2,False
skiing_flickr-4-6-3-6-3-9-6-4-4246363964_6.mp4,0,1.078715,1,0,0,0,1,614,True,4,2,False
hanging_flickr-8-6-2-6-6-9-9-2-3886266992_7.mp4,-1,0.0,1,0,0,0,1,615,True,4,2,False
shaking_0-0-2-7-0-5-9-9-4600270599.mp4,0,0.132505,1,0,0,0,1,616,True,4,2,False
baking_flickr-2-6-9-4-0-2-5-5-23726940255_1.mp4,0,0.134117,1,0,0,0,1,618,True,4,2,True
sitting_5-6-3-2-1-9-7-3-8656321973.mp4,1,0.348575,1,1,0,0,0,619,True,4,1,False
talking_flickr-7-3-8-4106013738_99.mp4,0,1.080323,1,0,0,0,1,621,True,4,2,False
eating_flickr-7-7-6-1-1-3-8-8-4077611388_43.mp4,0,2.89711,1,0,0,0,1,623,True,4,2,False
destroying_meta-531023_102.mp4,1,0.94687,1,1,0,0,0,626,True,4,1,False
slipping_flickr-6-1-8-0-6-4-9-6-3861806496_16.mp4,1,1.080657,1,1,0,0,0,627,True,4,1,False
standing_flickr-3-0-2-7922563302_17.mp4,1,2.670025,1,1,0,0,0,628,True,4,1,False
competing_flickr-2-6-6-12060728266_3.mp4,0,1.958344,1,0,0,0,1,629,True,4,2,True
cooking_flickr-8-1-9-0-7-4-6-6-3681907466_14.mp4,1,2.301304,1,1,0,0,0,630,True,4,1,False
working_flickr-4-3-2-9-1-1-2-6-4243291126_15.mp4,1,0.749708,1,1,0,0,0,631,True,4,1,False
protesting_flickr-0-4-8-6-2-0-5-6-3704862056_42.mp4,1,0.917491,1,1,0,0,0,632,True,4,1,False
sniffing_flickr-6-6-4-0-5-4-1-8-5066405418_1.mp4,1,0.924723,1,1,0,0,0,633,True,4,1,False
talking_5854819677.mp4,1,1.538737,1,1,0,0,0,634,True,4,1,True
sitting_flickr-7-4-6-5-3-8-7-3-2874653873_4.mp4,-1,0.0,1,0,0,0,1,635,True,4,2,False
shoveling_4-3-5-6-0-8-0-8-5543560808.mp4,1,1.808339,1,1,0,0,0,636,True,4,1,False
spinning_flickr-2-6-8-5-4-3-9-0-6326854390_12.mp4,1,2.942605,1,1,0,0,0,637,True,4,1,False
sitting_4-2-8-4-8-8-9-5-6942848895.mp4,0,3.042,1,0,0,0,1,638,True,4,2,False
landing_flickr-3-2-1-6-4-5-6-2-3532164562_57.mp4,0,0.753682,1,0,0,0,1,641,True,4,2,False
standing_flickr-1-6-2-9-7-1-1-3-24316297113_6.mp4,0,1.441412,1,0,0,0,1,642,True,4,2,False
standing_7-9-1-3219473791.mp4,1,1.114796,1,1,0,0,0,643,True,4,1,False
shopping_flickr-2-6-7-9-2-6-2-4-3426792624_3.mp4,0,1.135271,1,0,0,0,1,644,True,4,2,False
cleaning_flickr-2-1-0-9-1-4-7-1-16621091471_6.mp4,0,1.241943,1,0,0,0,1,645,True,4,2,False
kicking_flickr-4-6-4-12060107464_4.mp4,0,1.109919,1,0,0,0,1,646,True,4,2,False
bicycling_flickr-4-1-2-2-6-6-3-0-4641226630_2.mp4,0,0.895273,1,0,0,0,1,647,True,4,2,False
talking_0-1-5-3-4-9-1-9-3301534919.mp4,0,1.137452,1,0,0,0,1,648,True,4,2,False
driving_flickr-8-0-3-7-3-6-4-4-10280373644_42.mp4,0,1.266501,1,0,0,0,1,649,True,4,2,False
talking_flickr-5-5-3-7-4-4-1-6-15955374416_99.mp4,0,1.925941,1,0,0,0,1,650,True,4,2,False
sitting_0-8-7-0-3-7-9-7-6508703797.mp4,0,1.471844,1,0,0,0,1,651,True,4,2,True
hiking_flickr-1-3-4-1-0-3-2-7-4613410327_12.mp4,0,1.75124,1,0,0,0,1,652,True,4,2,False
singing_flickr-5-9-9-0-2-5-6-7-2759902567_18.mp4,0,1.755901,1,0,0,0,1,653,True,4,2,False
surfing_flickr-7-0-9-2-3-4-5-1-3870923451_8.mp4,0,2.033797,1,0,0,0,1,656,True,4,2,False
speaking_flickr-3-0-4-1-0-6-0-4-2730410604_27.mp4,0,2.21526,1,0,0,0,1,657,True,4,2,False
throwing_flickr-5-0-3-9590538503_3.mp4,1,1.2634,1,1,0,0,0,658,True,4,1,False
competing_0-9-7-3733804097.mp4,0,1.087084,1,0,0,0,1,661,True,4,2,True
driving_flickr-0-8-8-9-9-4-1-7-5608899417_10.mp4,0,2.933698,1,0,0,0,1,662,True,4,2,True
bicycling_flickr-9-7-0-5-2-7-4-6-5897052746_14.mp4,0,1.262396,1,0,0,0,1,663,True,4,2,False
skating_flickr-3-7-5-9-7-9-1-9-8137597919_29.mp4,0,1.171988,1,0,0,0,1,664,True,4,2,True
riding_5-9-2-1-8-3-6-3-22159218363.mp4,0,1.135203,1,0,0,0,1,665,True,4,2,False
boating_5-1-5-7-1-7-1-6-21851571716.mp4,0,0.863845,1,0,0,0,1,666,True,4,2,False
flipping_flickr-4-7-7-5-6-6-4-6-5547756646_1.mp4,0,0.902795,1,0,0,0,1,667,True,4,2,False
performing_6951613874.mp4,0,1.318394,1,0,0,0,1,668,True,4,2,False
brushing_flickr-0-1-8-1-9-2-4-9-14001819249_1.mp4,1,0.997645,1,1,0,0,0,669,True,4,1,False
singing_4-8-2-2467307482.mp4,1,1.760522,1,1,0,0,0,670,True,4,1,False
leaking_flickr-1-7-9-5-5-5-4-2-6017955542_45.mp4,1,1.694138,1,1,0,0,0,671,True,4,1,False
standing_1-5-3-0-0-0-1-6-8715300016.mp4,1,1.01499,1,1,0,0,0,672,True,4,1,False
loading_load.mp4,1,0.012536,1,1,0,0,0,673,True,4,1,False
flying_flickr-3-6-9-8168567369_1.mp4,1,0.969249,1,1,0,0,0,675,True,4,1,True
cooking_flickr-0-1-9-6-0-7-3-6-3301960736_16.mp4,1,0.725835,1,1,0,0,0,676,True,4,1,False
playing_flickr-7-4-7-6-4-6-7-6-4174764676_2.mp4,1,1.947618,1,1,0,0,0,677,True,4,1,False
jumping_flickr-0-0-3-8-6-7-6-9-18500386769_7.mp4,1,1.535391,1,1,0,0,0,678,True,4,1,False
diving_flickr-1-2-5-1-5-9-5-4-3612515954_9.mp4,1,1.194694,1,1,0,0,0,680,True,4,1,False
feeding_flickr-4-6-7-8-9-2-0-5-21046789205_28.mp4,0,2.424433,1,0,0,0,1,681,True,4,2,False
bathing_flickr-3-0-6-7833310306_12.mp4,0,0.820855,1,0,0,0,1,682,True,4,2,False
talking_3-8-8-0-6-6-8-0-5138806680.mp4,1,0.884693,1,1,0,0,0,683,True,4,1,False
standing_flickr-0-7-1-0-7-6-0-6-2607107606_2.mp4,1,1.89149,1,1,0,0,0,684,True,4,1,False
reading_flickr-7-6-7-5-3-1-3-2-21876753132_5.mp4,-1,0.0,1,0,0,0,1,686,True,4,2,False
biking_flickr-7-4-6-9-4-0-3-4-2874694034_3.mp4,0,0.276348,1,0,0,0,1,687,True,4,2,True
laughing_flickr-9-5-2-0-2-6-4-8-14795202648_33.mp4,0,2.070424,1,0,0,0,1,688,True,4,2,False
boating_flickr-4-4-4-7-7-2-4-7-9244477247_96.mp4,1,0.801553,1,1,0,0,0,690,True,4,1,False
biking_flickr-9-0-0-0-4-5-6-4-23790004564_13.mp4,1,1.319872,1,1,0,0,0,692,True,4,1,False
surfing_flickr-7-3-4-3-5-0-3-4-11373435034_34.mp4,-1,0.0,1,0,0,0,1,693,True,4,2,False
dancing_0-6-5-4398927065.mp4,0,0.011556,1,0,0,0,1,694,True,4,2,False
swimming_flickr-0-6-6-2-9-3-9-3-12406629393_5.mp4,0,2.036051,1,0,0,0,1,697,True,4,2,False
swinging_flickr-3-0-1-8-3-5-2-2-3330183522_49.mp4,0,0.805774,1,0,0,0,1,701,True,4,2,True
boating_flickr-6-6-4-3885326664_16.mp4,0,0.758126,1,0,0,0,1,703,True,4,2,False
talking_1-4-9-3-7-0-3-9-6914937039.mp4,0,0.946364,1,0,0,0,1,704,True,4,2,False
standing_flickr-7-5-3-5434188753_4.mp4,0,2.437717,1,0,0,0,1,705,True,4,2,False
erupting_4-9-0-4-8-4-8-7-3949048487.mp4,0,1.439438,1,0,0,0,1,706,True,4,2,False
biking_flickr-5-1-4-3-7-6-7-6-16651437676_4.mp4,1,0.882577,1,1,0,0,0,707,True,4,1,False
cheering_flickr-6-2-7-7-6-3-9-8-9262776398_47.mp4,1,1.472363,1,1,0,0,0,709,True,4,1,False
sitting_flickr-3-8-0-1-8-9-0-9-16438018909_4.mp4,1,1.267984,1,1,0,0,0,710,True,4,1,False
running_flickr-5-1-1-2-0-2-7-5-13551120275_42.mp4,1,1.732393,1,1,0,0,0,711,True,4,1,False
snowing_flickr-8-3-8-4-0-5-2-3-6883840523_3.mp4,0,2.880901,1,0,0,0,1,712,True,4,2,False
floating_7-6-2-4919023762.mp4,1,2.214352,1,1,0,0,0,713,True,4,1,False
shooting_7-0-3-4640875703.mp4,0,0.652079,1,0,0,0,1,714,True,4,2,True
pushing_flickr-8-6-9-6417563869_8.mp4,0,1.655712,1,0,0,0,1,715,True,4,2,False
hitting_flickr-1-7-2-6-4-6-6-0-2517264660_1.mp4,0,0.891593,1,0,0,0,1,716,True,4,2,True
burning_flickr-6-7-7-2-3-3-0-3-12167723303_7.mp4,-1,0.0,1,0,0,0,1,717,True,4,2,False
standing_0-0-6-6921777006.mp4,1,0.298683,1,1,0,0,0,718,True,4,1,False
rolling_flickr-4-4-1-6-0-1-2-0-2444160120_7.mp4,1,0.112528,1,1,0,0,0,719,True,4,1,False
coaching_flickr-7-8-7-9-2-6-0-1-17078792601_18.mp4,0,1.017675,1,0,0,0,1,720,True,4,2,True
hunting_flickr-7-6-1-4-3-9-1-2-4476143912_4.mp4,0,0.887137,1,0,0,0,1,721,True,4,2,True
singing_flickr-3-4-2-7412142342_73.mp4,0,3.037,1,0,0,0,1,722,True,4,2,True
raising_flickr-4-4-8-8452627448_2.mp4,0,0.64742,1,0,0,0,1,723,True,4,2,False
landing_flickr-0-6-9-0-0-2-2-8-5106900228_6.mp4,0,1.10079,1,0,0,0,1,724,True,4,2,True
playing_7ltcWcwnPfY_66.mp4,1,0.987038,1,1,0,0,0,725,True,4,1,False
driving_5-4-7-6-7-7-9-3-3054767793.mp4,0,0.838191,1,0,0,0,1,727,True,4,2,False
bathing_2-7-9-4094949279.mp4,0,1.634331,1,0,0,0,1,729,True,4,2,False
skiing_flickr-5-7-6-2-0-8-5-4-4357620854_2.mp4,1,2.026346,1,1,0,0,0,730,True,4,1,False
reaching_flickr-1-5-4-4-2-2-8-9-3315442289_5.mp4,0,1.090989,1,0,0,0,1,731,True,4,2,False
driving_0-5-3-7-6-2-8-4-24105376284.mp4,1,1.039288,1,1,0,0,0,732,True,4,1,False
hitting_1-5-8-9-2-4-5-4-7815892454.mp4,0,1.101758,1,0,0,0,1,733,True,4,2,True
racing_flickr-1-6-9-1-3-8-5-8-2916913858_4.mp4,0,2.532053,1,0,0,0,1,734,True,4,2,False
cooking_flickr-6-7-3-8-8-5-3-5-9367388535_63.mp4,0,1.537443,1,0,0,0,1,735,True,4,2,True
feeding_flickr-7-8-1-8-7-3-1-6-10978187316_38.mp4,0,0.98972,1,0,0,0,1,736,True,4,2,False
cooking_flickr-9-1-3-0-7-7-0-0-7391307700_86.mp4,1,1.127558,1,1,0,0,0,737,True,4,1,False
skiing_flickr-7-0-7-1-9-3-0-9-3270719309_6.mp4,0,1.845576,1,0,0,0,1,738,True,4,2,False
playing_1-2-1-5-8-0-7-1-2512158071.mp4,-1,0.0,1,0,0,0,1,739,True,4,2,False
diving_6-7-4-2-0-5-9-6-3867420596.mp4,0,0.561759,1,0,0,0,1,740,True,4,2,True
driving_2-3-6-4996521236.mp4,0,2.602916,1,0,0,0,1,741,True,4,2,False
talking_5-8-1-8-7-9-9-5-2458187995.mp4,1,1.327476,1,1,0,0,0,742,True,4,1,False
shaking_flickr-4-2-5-3455979425_2.mp4,1,1.205804,1,1,0,0,0,743,True,4,1,False
racing_flickr-7-8-4-4-9-3-9-0-9178449390_44.mp4,0,1.744205,1,0,0,0,1,744,True,4,2,False
hiking_flickr-8-2-5-5-9-2-0-7-3782559207_5.mp4,0,1.269768,1,0,0,0,1,745,True,4,2,True
clapping_9-9-5-7-8-1-3-4-9599578134.mp4,0,1.111948,1,0,0,0,1,746,True,4,2,False
racing_flickr-7-5-2-8-9-8-5-4-4675289854_2.mp4,0,1.283663,1,0,0,0,1,747,True,4,2,False
skiing_flickr-5-3-5-1-4-5-5-1-5453514551_8.mp4,1,1.164801,1,1,0,0,0,748,True,4,1,False
boarding_flickr-1-9-6-4-8-0-9-0-4319648090_19.mp4,1,1.609338,1,1,0,0,0,750,True,4,1,False
standing_flickr-1-6-2-5-6-4-1-2-4416256412_2.mp4,1,0.700255,1,1,0,0,0,751,True,4,1,False
driving_flickr-4-9-7-1-5-1-7-6-2549715176_4.mp4,1,1.181392,1,1,0,0,0,752,True,4,1,False
standing_flickr-4-0-8-0-5-8-5-6-15540805856_36.mp4,0,1.035011,1,0,0,0,1,753,True,4,2,False
smoking_1-5-1-5-2-9-3-0-8515152930.mp4,1,0.0,1,1,0,0,0,754,True,4,1,False
driving_flickr-8-8-7-1-5-4-3-6-3288715436_17.mp4,1,0.934795,1,1,0,0,0,755,True,4,1,False
swinging_flickr-3-1-4-4-1-9-2-1-3031441921_1.mp4,1,2.758319,1,1,0,0,0,757,True,4,1,False
dancing_flickr-0-5-4-13397497054_76.mp4,1,1.160625,1,1,0,0,0,758,True,4,1,False
cooking_flickr-3-5-5-3-8-3-6-9-9135538369_9.mp4,1,1.518457,1,1,0,0,0,760,True,4,1,False
roaring_flickr-shoerams-6697524313_12.mp4,-1,0.0,1,0,0,0,1,761,True,4,2,False
competing_flickr-3-6-6-11776489366_2.mp4,0,0.0,1,0,0,0,1,762,True,4,2,False
skiing_flickr-9-5-9-5633267959_14.mp4,0,2.740419,1,0,0,0,1,763,True,4,2,False
talking_flickr-1-3-8-4415377138_4.mp4,1,1.209523,1,1,0,0,0,764,True,4,1,False
walking_flickr-9-2-0-3-8-0-9-5-2892038095_4.mp4,1,3.037,1,1,0,0,0,766,True,4,1,False
talking_4869005207.mp4,-1,0.0,1,0,0,0,1,767,True,4,2,False
teaching_flickr-8-7-7-9-9-3-7-0-2987799370_31.mp4,1,0.682681,1,1,0,0,0,769,True,4,1,True
celebrating_1-0-9-6-6-5-1-4-19610966514.mp4,1,2.404903,1,1,0,0,0,770,True,4,1,False
standing_flickr-0-7-0-9-2-1-2-8-17207092128_7.mp4,0,1.914868,1,0,0,0,1,771,True,4,2,False
singing_flickr-3-8-7-3591343387_7.mp4,0,1.945183,1,0,0,0,1,772,True,4,2,False
sitting_5-8-1-6-1-5-8-5-4458161585.mp4,1,0.842577,1,1,0,0,0,774,True,4,1,False
singing_flickr-4-4-5-9-9-2-0-5-9644599205_13.mp4,1,1.688794,1,1,0,0,0,775,True,4,1,False
boarding_flickr-9-6-5-0-0-5-3-5-5596500535_22.mp4,1,0.779646,1,1,0,0,0,776,True,4,1,False
throwing_5-3-2-9-0-4-0-1-6953290401.mp4,1,2.062245,1,1,0,0,0,777,True,4,1,False
socializing_1-3-3-2-2-5-3-6-8613322536.mp4,-1,0.0,1,0,0,0,1,778,True,4,2,False
hiking_flickr-2-7-2-2-1-9-3-2-6227221932_9.mp4,-1,0.0,1,0,0,0,1,780,True,4,2,False
sawing_meta-2077375_64.mp4,0,0.0,1,0,0,0,1,781,True,4,2,False
climbing_flickr-7-8-6-4-9-5-1-8-20978649518_7.mp4,0,2.019168,1,0,0,0,1,782,True,4,2,True
surfing_flickr-0-4-0-1-0-7-0-2-9504010702_107.mp4,0,0.982362,1,0,0,0,1,783,True,4,2,False
teaching_flickr-6-2-4-9-2-5-6-4-11462492564_11.mp4,1,1.12342,1,1,0,0,0,784,True,4,1,False
standing_flickr-5-2-3-8-5-6-9-3-13652385693_2.mp4,0,2.802617,1,0,0,0,1,785,True,4,2,False
standing_flickr-1-0-0-2-9-9-5-5-5610029955_4.mp4,0,1.128607,1,0,0,0,1,786,True,4,2,True
opening_flickr-9-9-1-2659541991_14.mp4,0,0.969969,1,0,0,0,1,787,True,4,2,False
standing_6-1-8-8636720618.mp4,0,0.729321,1,0,0,0,1,788,True,4,2,False
shouting_j-aPjZTSD8s_5.mp4,0,1.775547,1,0,0,0,1,789,True,4,2,False
standing_3-1-4-4922194314.mp4,0,0.901153,1,0,0,0,1,790,True,4,2,False
walking_9-6-3-1-3-0-5-5-4596313055.mp4,0,0.993786,1,0,0,0,1,792,True,4,2,False
talking_9-8-5-12786838985.mp4,1,1.130583,1,1,0,0,0,793,True,4,1,False
standing_4575159518.mp4,0,0.917629,1,0,0,0,1,795,True,4,2,True
burning_flickr-7-8-0-0-7-0-1-3-4978007013_2.mp4,0,0.907166,1,0,0,0,1,796,True,4,2,False
walking_2-2-4-4825250224.mp4,1,0.71657,1,1,0,0,0,797,True,4,1,False
spinning_flickr-3-5-8-5-4-1-6-8-6935854168_8.mp4,0,0.76581,1,0,0,0,1,798,True,4,2,False
sitting_6-1-1-2420485611.mp4,1,1.519264,1,1,0,0,0,799,True,4,1,False
snowing_flickr-8-2-1-8-2-4-0-6-4282182406_21.mp4,0,2.11739,1,0,0,0,1,800,True,4,2,False
jumping_flickr-2-8-2-9-2-9-1-2-5528292912_5.mp4,1,1.244902,1,1,0,0,0,801,True,4,1,False
bicycling_flickr-9-4-8-6-7-6-3-8-7994867638_18.mp4,-1,0.0,1,0,0,0,1,802,True,4,2,False
skating_9kyNArhUlVU_15.mp4,1,0.978865,1,1,0,0,0,803,True,4,1,False
laughing_flickr-4-4-1-3-1-8-0-7-5944131807_44.mp4,0,2.832441,1,0,0,0,1,804,True,4,2,False
racing_flickr-7-2-0-7-7-3-4-8-6072077348_1.mp4,-1,0.0,1,0,0,0,1,805,True,4,2,False
marching_flickr-5-1-0-0-5-1-2-7-6151005127_5.mp4,1,1.25779,1,1,0,0,0,806,True,4,1,False
bathing_flickr-5-3-8-5-1-1-0-7-16053851107_25.mp4,0,0.959577,1,0,0,0,1,808,True,4,2,True
opening_flickr-9-4-5-1-7-4-5-6-15394517456_4.mp4,1,0.784377,1,1,0,0,0,809,True,4,1,False
standing_6-2-4-3-2-9-2-0-15162432920.mp4,-1,0.0,1,0,0,0,1,810,True,4,2,False
stomping_flickr-stinkee-7171480914_6.mp4,0,0.015132,1,0,0,0,1,811,True,4,2,True
talking_8-3-2-2697972832.mp4,0,1.869361,1,0,0,0,1,812,True,4,2,True
racing_flickr-8-2-1-2-1-4-9-4-2482121494_2.mp4,0,2.026656,1,0,0,0,1,813,True,4,2,False
bubbling_1-4-8-2-1-2-2-2-8014821222.mp4,0,1.922291,1,0,0,0,1,814,True,4,2,False
running_flickr-7-4-2-5-7-6-6-2-14074257662_5.mp4,0,2.780482,1,0,0,0,1,815,True,4,2,True
smoking_flickr-0-8-4-12836666084_1.mp4,1,1.37107,1,1,0,0,0,816,True,4,1,False
eating_flickr-7-6-6-8-7-6-7-5-2576687675_14.mp4,1,1.27218,1,1,0,0,0,817,True,4,1,False
riding_flickr-3-8-8-9-4-5-2-1-4638894521_28.mp4,0,2.438193,1,0,0,0,1,818,True,4,2,False
talking_7-6-3-9-2-0-4-0-5876392040.mp4,-1,0.0,1,0,0,0,1,819,True,4,2,True
talking_1-9-7-3-7-0-9-4-9819737094.mp4,1,1.418154,1,1,0,0,0,820,True,4,1,False
bicycling_flickr-6-2-1-2-5-0-0-2-6962125002_8.mp4,1,1.217556,1,1,0,0,0,821,True,4,1,False
swinging_flickr-6-3-9-5-5-6-3-8-5563955638_14.mp4,1,0.584482,1,1,0,0,0,823,True,4,1,False
reading_flickr-6-4-1-2-3-0-4-0-8564123040_12.mp4,0,2.203145,1,0,0,0,1,825,True,4,2,False
landing_flickr-0-3-4-6-4-9-8-1-5303464981_76.mp4,1,1.691738,1,1,0,0,0,826,True,4,1,False
walking_flickr-7-7-5-3-1-0-1-4-6077531014_7.mp4,0,2.508739,1,0,0,0,1,827,True,4,2,False
performing_4-0-4-5-5-3-2-9-8540455329.mp4,1,2.396696,1,1,0,0,0,829,True,4,1,False
standing_7-0-1-9-4-9-6-3-4770194963.mp4,0,1.6545,1,0,0,0,1,830,True,4,2,False
bathing_8-7-5-6-7-3-3-5-18687567335.mp4,0,1.860337,1,0,0,0,1,831,True,4,2,False
racing_flickr-7-8-1-2-5-9-0-1-5978125901_21.mp4,1,0.859679,1,1,0,0,0,832,True,4,1,False
jumping_flickr-8-9-4-9-6-6-6-4-2689496664_6.mp4,0,1.422699,1,0,0,0,1,833,True,4,2,True
stretching_flickr-9-7-8-1-6-0-4-6-11297816046_8.mp4,-1,0.0,1,0,0,0,1,834,True,4,2,False
flowing_flickr-5-0-2-5540136502_34.mp4,0,0.046063,1,0,0,0,1,835,True,4,2,False
sitting_3-9-6-4182092396.mp4,1,1.493916,1,1,0,0,0,836,True,4,1,False
pulling_LqLeM3J772U_135.mp4,0,2.314416,1,0,0,0,1,837,True,4,2,False
riding_flickr-3-9-7-6-1-9-3-6-5439761936_52.mp4,0,0.813576,1,0,0,0,1,838,True,4,2,False
crawling_flickr-2-6-8-0-7-3-6-0-5126807360_29.mp4,1,1.123749,1,1,0,0,0,839,True,4,1,False
spreading_0-6-6-1-5-8-2-5-14806615825.mp4,0,0.894769,1,0,0,0,1,840,True,4,2,False
destroying_flickr-0-7-0-3-7-4-6-2-9407037462_8.mp4,0,2.272349,1,0,0,0,1,841,True,4,2,False
biking_flickr-6-2-8-9-1-8-3-4-13862891834_98.mp4,1,1.081459,1,1,0,0,0,843,True,4,1,False
diving_flickr-5-7-6-7-3-4-0-5-13157673405_12.mp4,0,2.636272,1,0,0,0,1,844,True,4,2,False
playing_7-5-6-4-7-2-1-9-15575647219_63.mp4,0,1.921134,1,0,0,0,1,846,True,4,2,True
wetting_flickr-0-9-8-3-5-7-4-3-9309835743_40.mp4,1,1.680034,1,1,0,0,0,847,True,4,1,False
working_flickr-7-4-7-9-9-2-3-5-13574799235_3.mp4,0,1.269972,1,0,0,0,1,848,True,4,2,True
teaching_yfpl4Ke8XHQ_3.mp4,0,0.989627,1,0,0,0,1,849,True,4,2,False
brushing_flickr-5-0-0-8-4-7-3-1-5150084731_13.mp4,-1,0.0,1,0,0,0,1,850,True,4,2,False
crawling_flickr-1-3-5-7-3-5-7-7-2713573577_1.mp4,1,1.268258,1,1,0,0,0,852,True,4,1,False
drawing_flickr-7-1-5-2-3-9-3-4-8771523934_91.mp4,1,0.676486,1,1,0,0,0,854,True,4,1,False
drenching_zgjZhQgcASg_7.mp4,1,1.055236,1,1,0,0,0,855,True,4,1,False
laughing_flickr-0-3-5-6-6-3-9-4-3703566394_27.mp4,1,1.049503,1,1,0,0,0,857,True,4,1,False
racing_flickr-1-4-5-8-7-2-5-4-5914587254_16.mp4,1,0.920758,1,1,0,0,0,858,True,4,1,False
raising_meta-3928726_9.mp4,1,1.463005,1,1,0,0,0,859,True,4,1,False
singing_0T1De6PKWlY_35.mp4,1,0.994104,1,1,0,0,0,860,True,4,1,False
smoking_flickr-1-8-4-7-5-0-0-8-5918475008_64.mp4,1,2.315007,1,1,0,0,0,861,True,4,1,False
spinning_flickr-1-6-8-5-1-5-0-6-5016851506_19.mp4,1,0.83197,1,1,0,0,0,862,True,4,1,False
teaching_60QfEFmJ3LE_302.mp4,0,1.967032,1,0,0,0,1,863,True,4,2,False
unplugging_6ZZA5oxnpyE_46.mp4,1,1.142501,1,1,0,0,0,864,True,4,1,False
whistling_flickr-ranjit-12258289173_15.mp4,1,1.293261,1,1,0,0,0,865,True,4,1,False
shaving_flickr-9-4-9-2-0-2-0-0-5894920200_1.mp4,-1,0.0,1,0,0,0,1,866,True,4,2,False
speaking_8-1-1-3222394811.mp4,1,0.0,1,1,0,0,0,867,True,4,1,False
adult-female-singing_peeks-www_k_to_keek_ltjveab_9.mp4,1,1.241957,1,1,0,0,0,868,True,4,1,False
eating_flickr-7-0-3-4-7-4-1-9-4970347419_35.mp4,-1,0.0,1,0,0,0,1,869,True,4,2,False
slipping_peeks-www_k_to_keek_Ci5Rcab_11.mp4,0,0.0,1,0,0,0,1,870,True,4,2,False
cooking_flickr-9-8-8-4-0-7-8-1-5098840781_11.mp4,1,0.943625,1,1,0,0,0,871,True,4,1,False
smoking_flickr-4-8-2-2-2-3-7-7-4548222377_17.mp4,1,0.786904,1,1,0,0,0,872,True,4,1,False
burning_flickr-4-9-5-4-8-5-8-6-10149548586_21.mp4,-1,0.0,1,0,0,0,1,874,True,4,2,False
folding_flickr-8-0-8-5-3-8-2-9-7980853829_3.mp4,1,0.295666,1,1,0,0,0,875,True,4,1,False
slicing_1-7-3-3293281173.mp4,1,0.799502,1,1,0,0,0,876,True,4,1,False
brushing_flickr-4-5-2-9-9-6-7-4-3445299674_1.mp4,1,0.850376,1,1,0,0,0,877,True,4,1,False
packing_JfeN-yH8U10_3.mp4,1,1.067052,1,1,0,0,0,878,True,4,1,False
cleaning_flickr-5-4-6-5-3-4-8-4-6954653484_13.mp4,1,1.373332,1,1,0,0,0,879,True,4,1,False
playing_avYNm9Hk7RE_79.mp4,1,0.815493,1,1,0,0,0,880,True,4,1,False
standing_1-9-3-0-9-4-6-4-4719309464.mp4,1,2.17367,1,1,0,0,0,881,True,4,1,False
rolling_flickr-2-4-2-5-1-1-7-6-2624251176_15.mp4,1,0.744526,1,1,0,0,0,883,True,4,1,False
stitching_6-6-6-4-6-2-5-5-2866646255.mp4,1,1.322556,1,1,0,0,0,884,True,4,1,False
cooking_UzUqoLe4At0_31.mp4,1,1.13087,1,1,0,0,0,885,True,4,1,False
cleaning_flickr-1-5-6-9-7-0-2-3-4915697023_1.mp4,1,0.71623,1,1,0,0,0,886,True,4,1,False
talking_flickr-1-1-6-0-0-6-2-2-6911600622_22.mp4,1,1.117923,1,1,0,0,0,887,True,4,1,False
cleaning_flickr-8-1-3-5-0-3-6-5-5681350365_13.mp4,1,0.941716,1,1,0,0,0,888,True,4,1,False
typing_flickr-0-4-0-8-8-1-7-2-14904088172_6.mp4,1,1.066983,1,1,0,0,0,889,True,4,1,False
adult-female-singing_peeks-www_k_to_keek_2Qwueab_25.mp4,1,2.092237,1,1,0,0,0,890,True,4,1,False
talking_flickr-5-1-3-1-8-3-5-4-20851318354_34.mp4,1,0.836621,1,1,0,0,0,891,True,4,1,False
loading_flickr-7-5-8-7-1-4-3-5-19275871435_3.mp4,1,0.820747,1,1,0,0,0,892,True,4,1,False
teaching_meta-854637_3.mp4,1,0.763305,1,1,0,0,0,895,True,4,1,False
singing_1lDPX81pX6c_35.mp4,0,2.561152,1,0,0,0,1,896,True,4,2,False
falling_flickr-9-6-4-2-0-5-4-6-16596420546_1.mp4,0,1.737234,1,0,0,0,1,897,True,4,2,False
dining_flickr-5-7-3-0-1-6-7-1-25057301671_14.mp4,-1,0.0,1,0,0,0,1,899,True,4,2,False
buttoning_6-0-7-2-4-0-6-7-7160724067.mp4,0,0.159026,1,0,0,0,1,900,True,4,2,False
smiling_0-1-1-9010526011.mp4,0,1.034272,1,0,0,0,1,901,True,4,2,False
rubbing_wCaFrFsXUaM_25.mp4,0,0.818099,1,0,0,0,1,902,True,4,2,False
wrapping_0-6-2-2-8-5-0-4-7506228504.mp4,0,1.317517,1,0,0,0,1,903,True,4,2,True
hiking_flickr-8-9-5-1-8-5-7-3-9289518573_3.mp4,1,1.543222,1,1,0,0,0,905,True,4,1,False
drinking_au8PYD-gz5s_265.mp4,1,0.824257,1,1,0,0,0,906,True,4,1,False
peeling_nJRuFR7D90A_541.mp4,0,1.389069,1,0,0,0,1,908,True,4,2,False
rolling_flickr-2-4-6-9-1-9-2-7-3624691927_22.mp4,1,1.004403,1,1,0,0,0,909,True,4,1,False
slicing_flickr-1-0-0-6-5-9-6-0-8310065960_10.mp4,1,1.071166,1,1,0,0,0,911,True,4,1,False
playing_h0MzdtW1aAM_240.mp4,1,1.070651,1,1,0,0,0,912,True,4,1,False
sketching_flickr-4-6-2-9160936462_48.mp4,0,2.571819,1,0,0,0,1,913,True,4,2,False
cooking_LePZ-Q9l14U_346.mp4,-1,0.0,1,0,0,0,1,914,True,4,2,False
lifting_flickr-3-6-0-4-4-9-6-0-8136044960_85.mp4,1,1.067787,1,1,0,0,0,915,True,4,1,False
chewing_6-gEVb8H_fk_649.mp4,1,0.899127,1,1,0,0,0,916,True,4,1,False
riding_8-0-8-7-2-2-9-6-11780872296.mp4,1,1.148589,1,1,0,0,0,917,True,4,1,False
climbing_flickr-1-0-2-6-5-6-4-2-7910265642_17.mp4,0,1.55316,1,0,0,0,1,918,True,4,2,False
singing_2FgJFMiBh2Y_35.mp4,1,0.915395,1,1,0,0,0,919,True,4,1,False
cooking_flickr-1-1-4-9-2-7-0-5-17311492705_6.mp4,0,0.917482,1,0,0,0,1,920,True,4,2,False
eating_flickr-4-8-5-1-3-7-3-9-3748513739_1.mp4,1,0.827916,1,1,0,0,0,921,True,4,1,False
tearing_meta-603450_26.mp4,0,2.069403,1,0,0,0,1,922,True,4,2,False
feed_flickr-0-5-5-2455619055_3.mp4,1,2.261524,1,1,0,0,0,923,True,4,1,False
swimming_4-8-8-8-6-6-5-6-10848886656_162.mp4,1,1.35917,1,1,0,0,0,924,True,4,1,False
talking_flickr-6-1-4-0-6-0-2-9-5861406029_11.mp4,1,1.35532,1,1,0,0,0,925,True,4,1,False
racing_flickr-2-3-8-1-5-8-3-8-3623815838_6.mp4,0,0.897488,1,0,0,0,1,926,True,4,2,False
talking_2-8-6-3884176286.mp4,0,1.459637,1,0,0,0,1,927,True,4,2,False
riding_flickr-5-1-0-7-9-6-6-7-5651079667_16.mp4,0,1.418365,1,0,0,0,1,928,True,4,2,False
sitting_flickr-6-6-2-9-4-5-1-3-4166294513_5.mp4,0,0.8785,1,0,0,0,1,929,True,4,2,False
hiking_flickr-2-6-4-8-6-3-7-3-3826486373_7.mp4,0,2.293451,1,0,0,0,1,930,True,4,2,False
standing_flickr-4-3-0-5-2-2-8-8-2543052288_46.mp4,1,2.587809,1,1,0,0,0,931,True,4,1,False
talking_8-0-5-2-4-2-6-4-2780524264.mp4,1,1.214905,1,1,0,0,0,932,True,4,1,False
surfing_flickr-0-9-6-6-7-2-0-5-5909667205_1.mp4,0,0.910126,1,0,0,0,1,933,True,4,2,False
opening_vine_R-MxAuV3HhZFH_1.mp4,1,2.627959,1,1,0,0,0,934,True,4,1,False
dancing_flickr-0-7-4-5032683074_10.mp4,0,1.220735,1,0,0,0,1,935,True,4,2,False
walking_flickr-2-6-3-9782754263_4.mp4,0,2.39443,1,0,0,0,1,936,True,4,2,False
talking_0-7-2-5811132072.mp4,-1,0.0,1,0,0,0,1,937,True,4,2,False
standing_6-2-1-0-2-2-8-0-21762102280.mp4,0,0.601162,1,0,0,0,1,938,True,4,2,False
singing_1KD4UGoMEKw_55.mp4,0,1.108181,1,0,0,0,1,939,True,4,2,True
skiing_flickr-5-7-1-8-9-8-0-1-4157189801_2.mp4,0,1.416622,1,0,0,0,1,940,True,4,2,False
snowing_flickr-9-8-6-7-0-9-6-3-6698670963_19.mp4,1,1.206623,1,1,0,0,0,941,True,4,1,False
boating_5-1-1-2-3-3-6-8-3051123368.mp4,1,0.695777,1,1,0,0,0,942,True,4,1,False
boating_6-4-9-2477365649.mp4,0,1.054246,1,0,0,0,1,943,True,4,2,False
floating_flickr-9-2-0-4-4-3-2-8-5592044328_9.mp4,0,2.324455,1,0,0,0,1,944,True,4,2,True
surfing_flickr-6-0-5-0-3-5-3-5-2860503535_4.mp4,0,0.946991,1,0,0,0,1,945,True,4,2,False
riding_4-5-4-8871714454.mp4,0,0.818385,1,0,0,0,1,946,True,4,2,False
riding_1-6-6-8025602166.mp4,-1,0.0,1,0,0,0,1,947,True,4,2,False
pitching_flickr-8-0-4-7-3-0-1-8-4480473018_11.mp4,0,1.906163,1,0,0,0,1,949,True,4,2,False
talking_4-7-3-6-1-2-1-0-9447361210.mp4,0,1.500734,1,0,0,0,1,950,True,4,2,False
running_flickr-4-6-9-6-9-7-3-9-2846969739_2.mp4,0,0.802293,1,0,0,0,1,951,True,4,2,False
standing_9-2-1-3626318921.mp4,1,1.168603,1,1,0,0,0,952,True,4,1,False
crashing_meta-285772_12.mp4,0,1.035851,1,0,0,0,1,953,True,4,2,False
competing_6-1-7-6-4-1-8-6-8061764186.mp4,-1,0.0,1,0,0,0,1,954,True,4,2,False
driving_flickr-4-5-3-2805889453_25.mp4,1,0.0,1,1,0,0,0,955,True,4,1,False
talking_0-7-1-2765864071.mp4,0,0.949791,1,0,0,0,1,956,True,4,2,False
pedaling_2-3-6-6313702236.mp4,1,3.010834,1,1,0,0,0,957,True,4,1,False
driving_flickr-6-8-4-0-2-4-1-7-2868402417_15.mp4,0,0.883912,1,0,0,0,1,958,True,4,2,False
playing_1-4-5-9-0-0-4-5-14814590045.mp4,0,0.73813,1,0,0,0,1,959,True,4,2,False
boating_flickr-3-9-9-0-2-3-1-7-5939902317_19.mp4,0,1.5616,1,0,0,0,1,960,True,4,2,True
competing_3-7-0-5721663370.mp4,0,1.246459,1,0,0,0,1,962,True,4,2,False
building_flickr-4-9-9-7-1-8-8-3-11749971883_13.mp4,1,1.675922,1,1,0,0,0,963,True,4,1,False
boating_5-0-5-5-9-8-7-9-14550559879.mp4,0,1.121983,1,0,0,0,1,964,True,4,2,False
talking_5-2-3-3-9-3-5-8-15352339358.mp4,0,1.794808,1,0,0,0,1,965,True,4,2,False
drenching_3-6-3-3-0-0-3-5-24236330035.mp4,-1,0.0,1,0,0,0,1,966,True,4,2,True
hiking_flickr-8-4-5-9-0-4-6-6-25084590466_21.mp4,0,1.361375,1,0,0,0,1,967,True,4,2,False
rafting_flickr-6-2-3-4-8-1-5-0-3662348150_6.mp4,0,1.685257,1,0,0,0,1,968,True,4,2,True
talking_0-6-8-3927431068.mp4,0,1.935592,1,0,0,0,1,969,True,4,2,False
carrying_flickr-3-5-1-9-1-3-3-9-24135191339_18.mp4,1,1.640309,1,1,0,0,0,971,True,4,1,False
flowing_flickr-5-1-7-8-1-3-7-8-14351781378_2.mp4,1,2.866302,1,1,0,0,0,972,True,4,1,False
running_flickr-0-6-1-4-5-9-8-3-8106145983_1.mp4,0,2.704534,1,0,0,0,1,973,True,4,2,False
sitting_flickr-4-0-5-4430216405_24.mp4,-1,0.0,1,0,0,0,1,974,True,4,2,False
skiing_flickr-7-5-6-1-0-5-6-6-4275610566_15.mp4,1,0.0,1,1,0,0,0,976,True,4,1,False
competing_4-7-3-3-5-0-3-0-21847335030.mp4,0,1.29722,1,0,0,0,1,978,True,4,2,False
talking_flickr-8-1-9-0-4-1-4-7-2581904147_6.mp4,-1,0.0,1,0,0,0,1,979,True,4,2,False
discussing_flickr-0-6-7-2715037067_22.mp4,-1,0.0,1,0,0,0,1,981,True,4,2,True
burning_flickr-2-6-3-4-6-1-4-8-3926346148_22.mp4,0,1.802049,1,0,0,0,1,982,True,4,2,False
talking_flickr-0-4-3-6-0-8-7-9-3404360879_23.mp4,1,1.12748,1,1,0,0,0,983,True,4,1,False
snowing_flickr-5-8-1-6-2-9-2-8-2458162928_9.mp4,0,0.834818,1,0,0,0,1,984,True,4,2,True
sitting_6-0-6-3-9-2-7-2-2560639272.mp4,1,1.832773,1,1,0,0,0,985,True,4,1,True
talking_flickr-1-2-6-8509676126_2.mp4,0,1.370567,1,0,0,0,1,986,True,4,2,False
hiking_flickr-0-5-9-0-2-4-9-3-5605902493_33.mp4,0,2.507385,1,0,0,0,1,987,True,4,2,False
riding_flickr-8-7-5-7990808875_10.mp4,0,0.974133,1,0,0,0,1,988,True,4,2,True
riding_3-8-4-5748607384.mp4,0,0.712101,1,0,0,0,1,989,True,4,2,True
drumming_flickr-8-4-8-6-1-5-0-8-5884861508_45.mp4,0,0.741005,1,0,0,0,1,990,True,4,2,True
competing_0-0-0-0-3-1-4-6-13900003146.mp4,1,2.220922,1,1,0,0,0,991,True,4,1,False
talking_6-1-9-8-3-2-3-5-11261983235.mp4,1,1.344432,1,1,0,0,0,992,True,4,1,False
swimming_0-6-7-8-3-3-0-3-10106783303.mp4,0,1.493031,1,0,0,0,1,993,True,4,2,False
unpacking_vine_R-Packing-for-Leeds-h9inKAwKLiJ_3.mp4,0,1.539853,1,0,0,0,1,994,True,4,2,False
walking_flickr-7-7-1-1-0-7-2-2-4977110722_82.mp4,-1,0.0,1,0,0,0,1,995,True,4,2,True
floating_9-8-0-5403486980.mp4,0,0.075485,1,0,0,0,1,996,True,4,2,False
skiing_flickr-6-4-9-2-6-0-1-1-8464926011_1.mp4,1,2.707689,1,1,0,0,0,997,True,4,1,False
flying_flickr-5-4-2-5189685542_6.mp4,1,1.038685,1,1,0,0,0,998,True,4,1,False
competing_6-1-6-7-0-3-6-5-8461670365.mp4,0,1.64451,1,0,0,0,1,999,True,4,2,False
